code10,univtxt
1005550010,旭川医大 医  前
1005550020,旭川医大 医  後
1005550110,旭川医大 医 医 前
1005550210,旭川医大 医 看護 前
1005550220,旭川医大 医 看護 後
1010200010,小樽商大 商  前
1010200020,小樽商大 商  後
1010240010,小樽商大 商夜  前
1130030010,お茶の水女子大 文教育  前
1130030020,お茶の水女子大 文教育  後
1130031210,お茶の水女子大 文教育 人文科学 前
1130031220,お茶の水女子大 文教育 人文科学 後
1130031310,お茶の水女子大 文教育 言語文化 前
1130031410,お茶の水女子大 文教育 人間社会科学 前
1130031420,お茶の水女子大 文教育 人間社会科学 後
1130031610,お茶の水女子大 文教育 芸術／舞踊教 前
1130031710,お茶の水女子大 文教育 芸術／音楽表 前
1130031720,お茶の水女子大 文教育 芸術／音楽表 後
1130031810,お茶の水女子大 文教育 人間／教・子 前
1130031820,お茶の水女子大 文教育 人間／教・子 後
1130420010,お茶の水女子大 理  前
1130420020,お茶の水女子大 理  後
1130420110,お茶の水女子大 理 化学 前
1130420120,お茶の水女子大 理 化学 後
1130420210,お茶の水女子大 理 情報科学 前
1130420220,お茶の水女子大 理 情報科学 後
1130420310,お茶の水女子大 理 数学 前
1130420320,お茶の水女子大 理 数学 後
1130420410,お茶の水女子大 理 生物 前
1130420420,お茶の水女子大 理 生物 後
1130420510,お茶の水女子大 理 物理 前
1130420520,お茶の水女子大 理 物理 後
1130470010,お茶の水女子大 共創工  前
1130470020,お茶の水女子大 共創工  後
1130470110,お茶の水女子大 共創工 人間環境工 前
1130470120,お茶の水女子大 共創工 人間環境工 後
1130470210,お茶の水女子大 共創工 文化情報工 前
1130790010,お茶の水女子大 生活科学  前
1130790020,お茶の水女子大 生活科学  後
1130790210,お茶の水女子大 生活科学 人間生活 前
1130790310,お茶の水女子大 生活科学 食物栄養 前
1130790320,お茶の水女子大 生活科学 食物栄養 後
1130790510,お茶の水女子大 生活科学 心理 前
1015740010,帯広畜産大 畜産  前
1015740020,帯広畜産大 畜産  後
1015740510,帯広畜産大 畜産 畜産科学 前
1015740520,帯広畜産大 畜産 畜産科学 後
1015740610,帯広畜産大 畜産 共同獣医学 前
1015740620,帯広畜産大 畜産 共同獣医学 後
1020460010,北見工大 工  前
1020460020,北見工大 工  後
1020461210,北見工大 工 先進工 前
1020461220,北見工大 工 先進工 後
1025010010,北海道大 文  前
1025010020,北海道大 文  後
1025010110,北海道大 文 人文科学 前
1025010120,北海道大 文 人文科学 後
1025120010,北海道大 法  前
1025120020,北海道大 法  後
1025120110,北海道大 法 法学 前
1025120120,北海道大 法 法学 後
1025180010,北海道大 経済  前
1025180020,北海道大 経済  後
1025300010,北海道大 教育  前
1025300020,北海道大 教育  後
1025300110,北海道大 教育 教育 前
1025300120,北海道大 教育 教育 後
1025420020,北海道大 理  後
1025420120,北海道大 理 化学 後
1025420320,北海道大 理 数学 後
1025420720,北海道大 理 地球惑星科学 後
1025420820,北海道大 理 物理 後
1025421320,北海道大 理 生物／生物学 後
1025421420,北海道大 理 生物／高分子 後
1025460020,北海道大 工  後
1025461120,北海道大 工 環境社会工 後
1025461220,北海道大 工 情報エレクト 後
1025461820,北海道大 工 応用理工系 後
1025461920,北海道大 工 機械知能工 後
1025550010,北海道大 医  前
1025550110,北海道大 医 医 前
1025550310,北海道大 医 保健／看護学 前
1025550410,北海道大 医 保健／放射線 前
1025550510,北海道大 医 保健／検査技 前
1025550610,北海道大 医 保健／理学療 前
1025550710,北海道大 医 保健／作業療 前
1025580010,北海道大 歯  前
1025580110,北海道大 歯 歯 前
1025610020,北海道大 薬  後
1025720020,北海道大 農  後
1025730010,北海道大 水産  前
1025730020,北海道大 水産  後
1025740010,北海道大 獣医  前
1025740020,北海道大 獣医  後
1025740210,北海道大 獣医 共同獣医学 前
1025740220,北海道大 獣医 共同獣医学 後
1025910010,北海道大 総合文系  前
1025920010,北海道大 総合理系  前
1025920011,北海道大 総合理系  前
1025920012,北海道大 総合理系  前
1025920013,北海道大 総合理系  前
1025920014,北海道大 総合理系  前
1025920015,北海道大 総合理系  前
1185120010,一橋大 法  前
1185120410,一橋大 法 法律 前
1185180010,一橋大 経済  前
1185180020,一橋大 経済  後
1185180310,一橋大 経済 経済 前
1185180320,一橋大 経済 経済 後
1185200010,一橋大 商  前
1185250010,一橋大 社会  前
1185250410,一橋大 社会 社会 前
1185370010,一橋大 ソーシャ  前
1185370020,一橋大 ソーシャ  後
1185370110,一橋大 ソーシャ ソーシャルデ 前
1185370120,一橋大 ソーシャ ソーシャルデ 後
1195310010,上越教育大 学校教育  前
1195310020,上越教育大 学校教育  後
1195310110,上越教育大 学校教育 初等教育 前
1195310120,上越教育大 学校教育 初等教育 後
1030300010,北教大旭川校 教育  前
1030300020,北教大旭川校 教育  後
1030301710,北教大旭川校 教育 教員／教育発 前
1030301720,北教大旭川校 教育 教員／教育発 後
1030301910,北教大旭川校 教育 教員／国語 前
1030301920,北教大旭川校 教育 教員／国語 後
1030302010,北教大旭川校 教育 教員／英語 前
1030302020,北教大旭川校 教育 教員／英語 後
1030302710,北教大旭川校 教育 教員／社会 前
1030302720,北教大旭川校 教育 教員／社会 後
1030302810,北教大旭川校 教育 教員／数学 前
1030302820,北教大旭川校 教育 教員／数学 後
1030302910,北教大旭川校 教育 教員／理科 前
1030302920,北教大旭川校 教育 教員／理科 後
1030303010,北教大旭川校 教育 教員／生活技 前
1030303020,北教大旭川校 教育 教員／生活技 後
1030303210,北教大旭川校 教育 教員／音楽 前
1030303310,北教大旭川校 教育 教員／美術 前
1030303410,北教大旭川校 教育 教員／保健体 前
1035300010,北教大岩見沢校 教育  前
1035300020,北教大岩見沢校 教育  後
1035302110,北教大岩見沢校 教育 芸術／芸術ス 前
1035302120,北教大岩見沢校 教育 芸術／芸術ス 後
1035302210,北教大岩見沢校 教育 芸術／声楽 前
1035302310,北教大岩見沢校 教育 芸術／鍵・作 前
1035302410,北教大岩見沢校 教育 芸術／管弦打 前
1035302510,北教大岩見沢校 教育 芸術／音楽教 前
1035303220,北教大岩見沢校 教育 芸術／音楽文 後
1035303310,北教大岩見沢校 教育 芸術／美術文 前
1035303320,北教大岩見沢校 教育 芸術／美術文 後
1035303410,北教大岩見沢校 教育 芸術／スポー 前
1035303420,北教大岩見沢校 教育 芸術／スポー 後
1040300010,北教大釧路校 教育  前
1040300020,北教大釧路校 教育  後
1040303210,北教大釧路校 教育 教員／地域学 前
1040303220,北教大釧路校 教育 教員／地域学 後
1045300010,北教大札幌校 教育  前
1045300020,北教大札幌校 教育  後
1045302010,北教大札幌校 教育 教員／特別支 前
1045302020,北教大札幌校 教育 教員／特別支 後
1045302110,北教大札幌校 教育 教員／養護教 前
1045302410,北教大札幌校 教育 教員／学校教 前
1045302420,北教大札幌校 教育 教員／学校教 後
1045302510,北教大札幌校 教育 教員／言語社 前
1045302520,北教大札幌校 教育 教員／言語社 後
1045302610,北教大札幌校 教育 教員／理数教 前
1045302620,北教大札幌校 教育 教員／理数教 後
1045302710,北教大札幌校 教育 教員／生活創 前
1045302720,北教大札幌校 教育 教員／生活創 後
1045302810,北教大札幌校 教育 教員／図画工 前
1045302910,北教大札幌校 教育 教員／音楽 前
1045303010,北教大札幌校 教育 教員／保健体 前
1050300010,北教大函館校 教育  前
1050300020,北教大函館校 教育  後
1050303210,北教大函館校 教育 国際／国際協 前
1050303220,北教大函館校 教育 国際／国際協 後
1050303310,北教大函館校 教育 国際／地域政 前
1050303320,北教大函館校 教育 国際／地域政 後
1050303410,北教大函館校 教育 国際／地域環 前
1050303420,北教大函館校 教育 国際／地域環 後
1050303510,北教大函館校 教育 国際／地域教 前
1050303520,北教大函館校 教育 国際／地域教 後
1055470010,室蘭工大 理工  前
1055470020,室蘭工大 理工  後
1055470110,室蘭工大 理工 創造工 前
1055470120,室蘭工大 理工 創造工 後
1055470210,室蘭工大 理工 システム理化 前
1055470220,室蘭工大 理工 システム理化 後
1055530010,室蘭工大 理工夜  前
1055530020,室蘭工大 理工夜  後
1055530110,室蘭工大 理工夜 創造工 前
1055530120,室蘭工大 理工夜 創造工 後
1060270010,弘前大 人文社会  前
1060270020,弘前大 人文社会  後
1060270110,弘前大 人文社会 文化創生 前
1060270120,弘前大 人文社会 文化創生 後
1060270211,弘前大 人文社会 社会経営 前
1060270212,弘前大 人文社会 社会経営 前
1060270220,弘前大 人文社会 社会経営 後
1060300010,弘前大 教育  前
1060300020,弘前大 教育  後
1060301510,弘前大 教育 養護教諭 前
1060304810,弘前大 教育 学校／特別支 前
1060304820,弘前大 教育 学校／特別支 後
1060304910,弘前大 教育 学校／小学校 前
1060304920,弘前大 教育 学校／小学校 後
1060305010,弘前大 教育 学校／国語 前
1060305110,弘前大 教育 学校／社会 前
1060305210,弘前大 教育 学校／数学 前
1060305310,弘前大 教育 学校／理科 前
1060305810,弘前大 教育 学校／家庭 前
1060305910,弘前大 教育 学校／英語 前
1060470010,弘前大 理工  前
1060470020,弘前大 理工  後
1060470710,弘前大 理工 物質創成化 前
1060470720,弘前大 理工 物質創成化 後
1060470810,弘前大 理工 電子情報工 前
1060470820,弘前大 理工 電子情報工 後
1060470911,弘前大 理工 数物科学 前
1060470912,弘前大 理工 数物科学 前
1060470921,弘前大 理工 数物科学 後
1060470922,弘前大 理工 数物科学 後
1060471010,弘前大 理工 地球環境防災 前
1060471020,弘前大 理工 地球環境防災 後
1060471110,弘前大 理工 機械科学 前
1060471120,弘前大 理工 機械科学 後
1060471210,弘前大 理工 自然エネルギ 前
1060471220,弘前大 理工 自然エネルギ 後
1060550010,弘前大 医  前
1060550111,弘前大 医 医 前
1060550112,弘前大 医 医 前
1060550310,弘前大 医 保健／看護学 前
1060550410,弘前大 医 保健／放射線 前
1060550510,弘前大 医 保健／検査技 前
1060550610,弘前大 医 保健／理学療 前
1060550710,弘前大 医 保健／作業療 前
1060550810,弘前大 医 心理支援科学 前
1060740010,弘前大 農学生命  前
1060740020,弘前大 農学生命  後
1060740510,弘前大 農学生命 生物 前
1060740520,弘前大 農学生命 生物 後
1060740610,弘前大 農学生命 分子生命科学 前
1060740620,弘前大 農学生命 分子生命科学 後
1060740710,弘前大 農学生命 食料資源 前
1060740720,弘前大 農学生命 食料資源 後
1060740810,弘前大 農学生命 国際園芸農 前
1060740820,弘前大 農学生命 国際園芸農 後
1060740910,弘前大 農学生命 地域環境工 前
1060740920,弘前大 農学生命 地域環境工 後
1245020010,信州大 人文  前
1245020020,信州大 人文  後
1245020410,信州大 人文 人文 前
1245020420,信州大 人文 人文 後
1245210010,信州大 経法  前
1245210110,信州大 経法 応用経済 前
1245210210,信州大 経法 総合法律 前
1245300010,信州大 教育  前
1245300020,信州大 教育  後
1245303010,信州大 教育 学校／社会 前
1245303310,信州大 教育 学校／保健体 前
1245303510,信州大 教育 学校／現代教 前
1245303810,信州大 教育 学校／国語 前
1245303820,信州大 教育 学校／国語 後
1245303910,信州大 教育 学校／英語 前
1245303920,信州大 教育 学校／英語 後
1245304010,信州大 教育 学校／数学 前
1245304020,信州大 教育 学校／数学 後
1245304110,信州大 教育 学校／理科 前
1245304120,信州大 教育 学校／理科 後
1245304210,信州大 教育 学校／音楽 前
1245304310,信州大 教育 学校／図・美 前
1245304320,信州大 教育 学校／図・美 後
1245304410,信州大 教育 学校／ものづ 前
1245304420,信州大 教育 学校／ものづ 後
1245304510,信州大 教育 学校／家庭 前
1245304520,信州大 教育 学校／家庭 後
1245304610,信州大 教育 学校／野外教 前
1245304710,信州大 教育 学校／特別支 前
1245304810,信州大 教育 学校／心理支 前
1245420010,信州大 理  前
1245420020,信州大 理  後
1245420710,信州大 理 数学 前
1245420720,信州大 理 数学 後
1245420810,信州大 理 理／物理学 前
1245420820,信州大 理 理／物理学 後
1245420910,信州大 理 理／化学 前
1245420920,信州大 理 理／化学 後
1245421010,信州大 理 理／地球学 前
1245421020,信州大 理 理／地球学 後
1245421110,信州大 理 理／生物学 前
1245421120,信州大 理 理／生物学 後
1245421210,信州大 理 理／物質循環 前
1245421220,信州大 理 理／物質循環 後
1245460010,信州大 工  前
1245460020,信州大 工  後
1245461210,信州大 工 工／応用化学 前
1245461220,信州大 工 工／応用化学 後
1245461310,信州大 工 工／環境・エ 前
1245461320,信州大 工 工／環境・エ 後
1245461410,信州大 工 工／水環境土 前
1245461420,信州大 工 工／水環境土 後
1245461510,信州大 工 工／電気電子 前
1245461520,信州大 工 工／電気電子 後
1245461610,信州大 工 工／機械物理 前
1245461620,信州大 工 工／機械物理 後
1245461710,信州大 工 工／知能機械 前
1245461720,信州大 工 工／知能機械 後
1245461810,信州大 工 工／建築学 前
1245461820,信州大 工 工／建築学 後
1245461910,信州大 工 工／情報サイ 前
1245461920,信州大 工 工／情報サイ 後
1245462010,信州大 工 工／情報デザ 前
1245462020,信州大 工 工／情報デザ 後
1065270010,岩手大 人文社会  前
1065270020,岩手大 人文社会  後
1065270610,岩手大 人文社会 人間文化 前
1065270620,岩手大 人文社会 人間文化 後
1065270710,岩手大 人文社会 地域政策 前
1065270720,岩手大 人文社会 地域政策 後
1065300010,岩手大 教育  前
1065300020,岩手大 教育  後
1065301510,岩手大 教育 学校／小学校 前
1065301520,岩手大 教育 学校／小学校 後
1065302710,岩手大 教育 学校／特別支 前
1065302720,岩手大 教育 学校／特別支 後
1065304010,岩手大 教育 学校／国語 前
1065304110,岩手大 教育 学校／社会 前
1065304410,岩手大 教育 学校／英語 前
1065304510,岩手大 教育 学校／音楽 前
1065304610,岩手大 教育 学校／美術 前
1065304710,岩手大 教育 学校／保健体 前
1065304810,岩手大 教育 学校／数学 前
1065304910,岩手大 教育 学校／理科 前
1065470010,岩手大 理工  前
1065470020,岩手大 理工  後
1065471210,岩手大 理工 理工／化学 前
1065471220,岩手大 理工 理工／化学 後
1065471310,岩手大 理工 理工／数理物 前
1065471320,岩手大 理工 理工／数理物 後
1065471410,岩手大 理工 理工／材料科 前
1065471420,岩手大 理工 理工／材料科 後
1065471510,岩手大 理工 理工／情報系 前
1065471520,岩手大 理工 理工／情報系 後
1065471610,岩手大 理工 理工／電気電 前
1065471620,岩手大 理工 理工／電気電 後
1065471710,岩手大 理工 理工／機械知 前
1065471720,岩手大 理工 理工／機械知 後
1065471810,岩手大 理工 理工／社会基 前
1065471820,岩手大 理工 理工／社会基 後
1065471910,岩手大 理工 理工／データ 前
1065720010,岩手大 農  前
1065720020,岩手大 農  後
1065721910,岩手大 農 食料／農学 前
1065721920,岩手大 農 食料／農学 後
1065722010,岩手大 農 食料／食品健 前
1065722020,岩手大 農 食料／食品健 後
1065722110,岩手大 農 生命／機能学 前
1065722120,岩手大 農 生命／機能学 後
1065722210,岩手大 農 生命／医科学 前
1065722220,岩手大 農 生命／医科学 後
1065722310,岩手大 農 地域／革新農 前
1065722320,岩手大 農 地域／革新農 後
1065722410,岩手大 農 地域／森林科 前
1065722420,岩手大 農 地域／森林科 後
1065722510,岩手大 農 動物／動物科 前
1065722520,岩手大 農 動物／動物科 後
1065722610,岩手大 農 動物／水産シ 前
1065722620,岩手大 農 動物／水産シ 後
1065740010,岩手大 獣医  前
1065740110,岩手大 獣医 共同獣医 前
1125010010,千葉大 文  前
1125010020,千葉大 文  後
1125010510,千葉大 文 人文／行動科 前
1125010520,千葉大 文 人文／行動科 後
1125010610,千葉大 文 人文／歴史学 前
1125010620,千葉大 文 人文／歴史学 後
1125010710,千葉大 文 人文／日本ユ 前
1125010810,千葉大 文 人文／国際言 前
1125140010,千葉大 法政経  前
1125140020,千葉大 法政経  後
1125140110,千葉大 法政経 法政経 前
1125140120,千葉大 法政経 法政経 後
1125300010,千葉大 教育  前
1125305310,千葉大 教育 学校／小学校 前
1125305410,千葉大 教育 学校／国語 前
1125305510,千葉大 教育 学校／社会 前
1125305610,千葉大 教育 学校／数学 前
1125305710,千葉大 教育 学校／理科 前
1125305810,千葉大 教育 学校／技術 前
1125305910,千葉大 教育 学校／特別支 前
1125306010,千葉大 教育 学校／乳幼児 前
1125306110,千葉大 教育 学校／養護教 前
1125306210,千葉大 教育 学校／音楽 前
1125306310,千葉大 教育 学校／図・美 前
1125306410,千葉大 教育 学校／保健体 前
1125306510,千葉大 教育 学校／家庭 前
1125306610,千葉大 教育 学校／英語教 前
1125370010,千葉大 国際教養  前
1125370110,千葉大 国際教養 国際教養 前
1125420010,千葉大 理  前
1125420020,千葉大 理  後
1125420110,千葉大 理 化学 前
1125420120,千葉大 理 化学 後
1125420210,千葉大 理 数学・情報数 前
1125420220,千葉大 理 数学・情報数 後
1125420310,千葉大 理 生物 前
1125420320,千葉大 理 生物 後
1125420410,千葉大 理 地球科学 前
1125420420,千葉大 理 地球科学 後
1125420510,千葉大 理 物理 前
1125420520,千葉大 理 物理 後
1125460010,千葉大 工  前
1125460020,千葉大 工  後
1125462410,千葉大 工 総合／建築学 前
1125462420,千葉大 工 総合／建築学 後
1125462510,千葉大 工 総合／都市工 前
1125462520,千葉大 工 総合／都市工 後
1125462610,千葉大 工 総合／デザイ 前
1125462710,千葉大 工 総合／機械工 前
1125462720,千葉大 工 総合／機械工 後
1125462810,千葉大 工 総合／医工学 前
1125462820,千葉大 工 総合／医工学 後
1125462910,千葉大 工 総合／電気電 前
1125462920,千葉大 工 総合／電気電 後
1125463010,千葉大 工 総合／物質科 前
1125463110,千葉大 工 総合／共生応 前
1125463120,千葉大 工 総合／共生応 後
1125470010,千葉大 情報デー  前
1125470110,千葉大 情報デー 情報・データ 前
1125550010,千葉大 医  前
1125550020,千葉大 医  後
1125550111,千葉大 医 医 前
1125550112,千葉大 医 医 前
1125550120,千葉大 医 医 後
1125610010,千葉大 薬  前
1125610020,千葉大 薬  後
1125610220,千葉大 薬 薬科学 後
1125640010,千葉大 看護  前
1125640110,千葉大 看護 看護 前
1125740010,千葉大 園芸  前
1125740020,千葉大 園芸  後
1125740310,千葉大 園芸 緑地環境 前
1125740320,千葉大 園芸 緑地環境 後
1125740410,千葉大 園芸 園芸 前
1125740420,千葉大 園芸 園芸 後
1125740510,千葉大 園芸 応用生命化 前
1125740520,千葉大 園芸 応用生命化 後
1125740610,千葉大 園芸 食料資源経済 前
1125740620,千葉大 園芸 食料資源経済 後
1070010010,東北大 文  前
1070010610,東北大 文 人文社会 前
1070120010,東北大 法  前
1070120110,東北大 法 法 前
1070180010,東北大 経済  前
1070180011,東北大 経済  前
1070180012,東北大 経済  前
1070180020,東北大 経済  後
1070180021,東北大 経済  後
1070180022,東北大 経済  後
1070300010,東北大 教育  前
1070300310,東北大 教育 教育科学 前
1070420010,東北大 理  前
1070420020,東北大 理  後
1070420310,東北大 理 化学系 前
1070420320,東北大 理 化学系 後
1070420510,東北大 理 数学系 前
1070420520,東北大 理 数学系 後
1070420710,東北大 理 生物系 前
1070420720,東北大 理 生物系 後
1070420810,東北大 理 地球科学系 前
1070420820,東北大 理 地球科学系 後
1070421210,東北大 理 物理系 前
1070421220,東北大 理 物理系 後
1070460010,東北大 工  前
1070461810,東北大 工 機械知能・航 前
1070461910,東北大 工 電気情報物理 前
1070462010,東北大 工 化学・バイオ 前
1070462110,東北大 工 材料科学総合 前
1070462210,東北大 工 建築・社会環 前
1070550010,東北大 医  前
1070550110,東北大 医 医 前
1070550310,東北大 医 保健／看護学 前
1070550410,東北大 医 保健／放射線 前
1070550510,東北大 医 保健／検査技 前
1070580010,東北大 歯  前
1070580110,東北大 歯 歯 前
1070610010,東北大 薬  前
1070720010,東北大 農  前
1075300010,宮城教育大 教育  前
1075300020,宮城教育大 教育  後
1075307811,宮城教育大 教育 学校／初等教 前
1075307812,宮城教育大 教育 学校／初等教 前
1075307820,宮城教育大 教育 学校／初等教 後
1075307910,宮城教育大 教育 学校／国語 前
1075308010,宮城教育大 教育 学校／社会 前
1075308110,宮城教育大 教育 学校／英語 前
1075308210,宮城教育大 教育 学校／数学 前
1075308310,宮城教育大 教育 学校／理科 前
1075308911,宮城教育大 教育 学校／特別支 前
1075308912,宮城教育大 教育 学校／特別支 前
1080310010,秋田大 教育文化  前
1080310020,秋田大 教育文化  後
1080311010,秋田大 教育文化 学校／特別支 前
1080311020,秋田大 教育文化 学校／特別支 後
1080311110,秋田大 教育文化 学校／こども 前
1080311120,秋田大 教育文化 学校／こども 後
1080311210,秋田大 教育文化 地域文化 前
1080311220,秋田大 教育文化 地域文化 後
1080311312,秋田大 教育文化 学校／初等中 前
1080311315,秋田大 教育文化 学校／初等中 前
1080311316,秋田大 教育文化 学校／初等中 前
1080311317,秋田大 教育文化 学校／初等中 前
1080311318,秋田大 教育文化 学校／初等中 前
1080311319,秋田大 教育文化 学校／初等中 前
1080311322,秋田大 教育文化 学校／初等中 後
1080311325,秋田大 教育文化 学校／初等中 後
1080311326,秋田大 教育文化 学校／初等中 後
1080311327,秋田大 教育文化 学校／初等中 後
1080311328,秋田大 教育文化 学校／初等中 後
1080311329,秋田大 教育文化 学校／初等中 後
1080370010,秋田大 国際資源  前
1080370020,秋田大 国際資源  後
1080370210,秋田大 国際資源 国際／資源政 前
1080370220,秋田大 国際資源 国際／資源政 後
1080370310,秋田大 国際資源 国際／資源地 前
1080370320,秋田大 国際資源 国際／資源地 後
1080370410,秋田大 国際資源 国際／資源開 前
1080370420,秋田大 国際資源 国際／資源開 後
1080390010,秋田大 情報デー  前
1080390020,秋田大 情報デー  後
1080390111,秋田大 情報デー 情報データ科 前
1080390112,秋田大 情報デー 情報データ科 前
1080390113,秋田大 情報デー 情報データ科 前
1080390120,秋田大 情報デー 情報データ科 後
1080480010,秋田大 総合環境  前
1080480020,秋田大 総合環境  後
1080480111,秋田大 総合環境 応用化学生物 前
1080480112,秋田大 総合環境 応用化学生物 前
1080480120,秋田大 総合環境 応用化学生物 後
1080480211,秋田大 総合環境 環境数物科学 前
1080480212,秋田大 総合環境 環境数物科学 前
1080480220,秋田大 総合環境 環境数物科学 後
1080480311,秋田大 総合環境 社会シス工 前
1080480312,秋田大 総合環境 社会シス工 前
1080480320,秋田大 総合環境 社会シス工 後
1080550010,秋田大 医  前
1080550020,秋田大 医  後
1080550110,秋田大 医 医 前
1080550121,秋田大 医 医 後
1080550122,秋田大 医 医 後
1080550310,秋田大 医 保健／看護学 前
1080550320,秋田大 医 保健／看護学 後
1080550410,秋田大 医 保健／理学療 前
1080550420,秋田大 医 保健／理学療 後
1080550510,秋田大 医 保健／作業療 前
1080550520,秋田大 医 保健／作業療 後
1120180010,埼玉大 経済  前
1120180020,埼玉大 経済  後
1120180213,埼玉大 経済 経済 前
1120180214,埼玉大 経済 経済 前
1120180220,埼玉大 経済 経済 後
1120300010,埼玉大 教育  前
1120300020,埼玉大 教育  後
1120300610,埼玉大 教育 養護教諭 前
1120303310,埼玉大 教育 学校／国語 前
1120303410,埼玉大 教育 学校／社会 前
1120303610,埼玉大 教育 学校／理科 前
1120303710,埼玉大 教育 学校／音楽 前
1120303720,埼玉大 教育 学校／音楽 後
1120303910,埼玉大 教育 学校／保健体 前
1120304210,埼玉大 教育 学校／英語 前
1120307710,埼玉大 教育 学校／算数数 前
1120307810,埼玉大 教育 学校／図工美 前
1120307820,埼玉大 教育 学校／図工美 後
1120307910,埼玉大 教育 学校／技術情 前
1120307920,埼玉大 教育 学校／技術情 後
1120308010,埼玉大 教育 学校／家庭科 前
1120308020,埼玉大 教育 学校／家庭科 後
1120308110,埼玉大 教育 学校／教育学 前
1120308210,埼玉大 教育 学校／臨床教 前
1120308310,埼玉大 教育 学校／心理発 前
1120308410,埼玉大 教育 学校／乳幼児 前
1120308420,埼玉大 教育 学校／乳幼児 後
1120308510,埼玉大 教育 学校／特別支 前
1120370010,埼玉大 教養  前
1120370020,埼玉大 教養  後
1120370110,埼玉大 教養 教養 前
1120370120,埼玉大 教養 教養 後
1120420010,埼玉大 理  前
1120420020,埼玉大 理  後
1120420110,埼玉大 理 基礎化 前
1120420120,埼玉大 理 基礎化 後
1120420210,埼玉大 理 数学 前
1120420220,埼玉大 理 数学 後
1120420310,埼玉大 理 分子生物 前
1120420320,埼玉大 理 分子生物 後
1120420410,埼玉大 理 生体制御 前
1120420420,埼玉大 理 生体制御 後
1120420510,埼玉大 理 物理 前
1120420520,埼玉大 理 物理 後
1120460010,埼玉大 工  前
1120460020,埼玉大 工  後
1120460110,埼玉大 工 応用化 前
1120460120,埼玉大 工 応用化 後
1120460810,埼玉大 工 機械工学・シ 前
1120460820,埼玉大 工 機械工学・シ 後
1120460910,埼玉大 工 電気電子物理 前
1120460920,埼玉大 工 電気電子物理 後
1120461010,埼玉大 工 情報工 前
1120461020,埼玉大 工 情報工 後
1120461110,埼玉大 工 環境社会デザ 前
1120461120,埼玉大 工 環境社会デザ 後
1085270010,山形大 人文社会  前
1085270020,山形大 人文社会  後
1085270110,山形大 人文社会 人文／人間文 前
1085270120,山形大 人文社会 人文／人間文 後
1085270210,山形大 人文社会 人文／グロー 前
1085270310,山形大 人文社会 人文／法政経 前
1085270320,山形大 人文社会 人文／法政経 後
1085300010,山形大 教育  前
1085303910,山形大 教育 学校／小学校 前
1085304010,山形大 教育 学校／中学校 前
1085304110,山形大 教育 学校／理数系 前
1085304210,山形大 教育 学校／心理支 前
1085420010,山形大 理  前
1085420020,山形大 理  後
1085420610,山形大 理 理 前
1085420620,山形大 理 理 後
1085460010,山形大 工  前
1085460020,山形大 工  後
1085460110,山形大 工 機械シス工 前
1085460120,山形大 工 機械シス工 後
1085461010,山形大 工 高分子・有機 前
1085461020,山形大 工 高分子・有機 後
1085461310,山形大 工 建築・デザイ 前
1085461320,山形大 工 建築・デザイ 後
1085461410,山形大 工 化学／応用化 前
1085461420,山形大 工 化学／応用化 後
1085461510,山形大 工 化学／バイオ 前
1085461520,山形大 工 化学／バイオ 後
1085461610,山形大 工 情報／情報知 前
1085461620,山形大 工 情報／情報知 後
1085461710,山形大 工 情報／電気電 前
1085461720,山形大 工 情報／電気電 後
1085540010,山形大 工フレ  前
1085540020,山形大 工フレ  後
1085540910,山形大 工フレ システム創成 前
1085540920,山形大 工フレ システム創成 後
1085550010,山形大 医  前
1085550020,山形大 医  後
1085550111,山形大 医 医 前
1085550113,山形大 医 医 前
1085550210,山形大 医 看護 前
1085550220,山形大 医 看護 後
1085720010,山形大 農  前
1085720020,山形大 農  後
1085720410,山形大 農 食料生命環境 前
1085720420,山形大 農 食料生命環境 後
1085880010,山形大 社会共創  前
1085880020,山形大 社会共創  後
1090270010,福島大 人文社会  前
1090270020,福島大 人文社会  後
1090270410,福島大 人文社会 行政政策学類 前
1090270420,福島大 人文社会 行政政策学類 後
1090270510,福島大 人文社会 経済経営学類 前
1090270520,福島大 人文社会 経済経営学類 後
1090270621,福島大 人文社会 人間発達文化 後
1090270622,福島大 人文社会 人間発達文化 後
1090271210,福島大 人文社会 人間／教育実 前
1090271311,福島大 人文社会 人間／心理学 前
1090271312,福島大 人文社会 人間／心理学 前
1090271410,福島大 人文社会 人間／特別支 前
1090271510,福島大 人文社会 人間／数理自 前
1090271610,福島大 人文社会 人間／スポー 前
1090271711,福島大 人文社会 人間／人文科 前
1090271712,福島大 人文社会 人間／人文科 前
1090271713,福島大 人文社会 人間／人文科 前
1090271811,福島大 人文社会 人間／芸術表 前
1090271812,福島大 人文社会 人間／芸術表 前
1090470010,福島大 理工  前
1090470020,福島大 理工  後
1090470110,福島大 理工 共生システム 前
1090470120,福島大 理工 共生システム 後
1090740010,福島大 農  前
1090740020,福島大 農  後
1090740110,福島大 農 食農学類 前
1090740120,福島大 農 食農学類 後
1093270010,筑波技大 共生社会  前
1093270110,筑波技大 共生社会 共生／視覚障 前
1093270210,筑波技大 共生社会 共生／聴覚障 前
1093470010,筑波技大 産業技術  前
1093470110,筑波技大 産業技術 産業情報 前
1093470210,筑波技大 産業技術 総合デザイン 前
1093640010,筑波技大 保健科学  前
1093640310,筑波技大 保健科学 情報システム 前
1093640410,筑波技大 保健科学 保健 前
1095270010,茨城大 人文社会  前
1095270020,茨城大 人文社会  後
1095270110,茨城大 人文社会 現代社会 前
1095270120,茨城大 人文社会 現代社会 後
1095270210,茨城大 人文社会 法律経済 前
1095270220,茨城大 人文社会 法律経済 後
1095270310,茨城大 人文社会 人間文化 前
1095270320,茨城大 人文社会 人間文化 後
1095300010,茨城大 教育  前
1095300020,茨城大 教育  後
1095302010,茨城大 教育 養護教諭 前
1095302020,茨城大 教育 養護教諭 後
1095304910,茨城大 教育 学校／国語 前
1095304920,茨城大 教育 学校／国語 後
1095305010,茨城大 教育 学校／社会 前
1095305020,茨城大 教育 学校／社会 後
1095305110,茨城大 教育 学校／英語 前
1095305210,茨城大 教育 学校／数学 前
1095305220,茨城大 教育 学校／数学 後
1095305310,茨城大 教育 学校／理科 前
1095305410,茨城大 教育 学校／音楽 前
1095305420,茨城大 教育 学校／音楽 後
1095305510,茨城大 教育 学校／美術 前
1095305520,茨城大 教育 学校／美術 後
1095305610,茨城大 教育 学校／保健体 前
1095305620,茨城大 教育 学校／保健体 後
1095305710,茨城大 教育 学校／技術 前
1095305810,茨城大 教育 学校／家庭 前
1095305820,茨城大 教育 学校／家庭 後
1095306010,茨城大 教育 学校／特別支 前
1095306610,茨城大 教育 学校／教育実 前
1095420010,茨城大 理  前
1095420020,茨城大 理  後
1095420610,茨城大 理 理／数学・情 前
1095420620,茨城大 理 理／数学・情 後
1095420710,茨城大 理 理／物理学 前
1095420720,茨城大 理 理／物理学 後
1095420810,茨城大 理 理／化学 前
1095420820,茨城大 理 理／化学 後
1095420910,茨城大 理 理／生物科学 前
1095420920,茨城大 理 理／生物科学 後
1095421010,茨城大 理 理／地球環境 前
1095421020,茨城大 理 理／地球環境 後
1095421110,茨城大 理 理／総合理学 前
1095421120,茨城大 理 理／総合理学 後
1095460010,茨城大 工  前
1095460020,茨城大 工  後
1095460310,茨城大 工 情報工 前
1095460320,茨城大 工 情報工 後
1095460510,茨城大 工 都市シス工 前
1095460520,茨城大 工 都市シス工 後
1095461010,茨城大 工 機械シス工 前
1095461020,茨城大 工 機械シス工 後
1095461110,茨城大 工 電気電子シス 前
1095461120,茨城大 工 電気電子シス 後
1095461210,茨城大 工 物質科学工 前
1095461220,茨城大 工 物質科学工 後
1095720010,茨城大 農  前
1095720020,茨城大 農  後
1095720410,茨城大 農 食生命科学 前
1095720420,茨城大 農 食生命科学 後
1095720510,茨城大 農 地域／応用植 前
1095720520,茨城大 農 地域／応用植 後
1095720610,茨城大 農 地域／地域共 前
1095720620,茨城大 農 地域／地域共 後
1095880010,茨城大 地域未来  前
1095880011,茨城大 地域未来  前
1095880012,茨城大 地域未来  前
1110310010,宇都宮大 共同教育  前
1110311110,宇都宮大 共同教育 学校／音楽 前
1110311210,宇都宮大 共同教育 学校／美術 前
1110311310,宇都宮大 共同教育 学校／保健体 前
1110311410,宇都宮大 共同教育 学校／家政 前
1110311510,宇都宮大 共同教育 学校／教育人 前
1110311610,宇都宮大 共同教育 学校／人文社 前
1110311710,宇都宮大 共同教育 学校／自然科 前
1110330010,宇都宮大 国際  前
1110330310,宇都宮大 国際 国際 前
1110370010,宇都宮大 地域デザ  前
1110370020,宇都宮大 地域デザ  後
1110370110,宇都宮大 地域デザ コミュニティ 前
1110370120,宇都宮大 地域デザ コミュニティ 後
1110370210,宇都宮大 地域デザ 建築都市デザ 前
1110370220,宇都宮大 地域デザ 建築都市デザ 後
1110370310,宇都宮大 地域デザ 社会基盤デザ 前
1110370320,宇都宮大 地域デザ 社会基盤デザ 後
1110380010,宇都宮大 データサ  前
1110380020,宇都宮大 データサ  後
1110380110,宇都宮大 データサ データサイエ 前
1110380120,宇都宮大 データサ データサイエ 後
1110460010,宇都宮大 工  前
1110460020,宇都宮大 工  後
1110461020,宇都宮大 工 基盤工 後
1110461110,宇都宮大 工 基盤／化学系 前
1110461210,宇都宮大 工 基盤／機械情 前
1110720010,宇都宮大 農  前
1110720020,宇都宮大 農  後
1110720410,宇都宮大 農 エコロジカル 前
1110720420,宇都宮大 農 エコロジカル 後
1110720510,宇都宮大 農 生物生産イノ 前
1110720520,宇都宮大 農 生物生産イノ 後
1110720610,宇都宮大 農 フロンティア 前
1110720620,宇都宮大 農 フロンティア 後
1110720710,宇都宮大 農 環境システム 前
1110720720,宇都宮大 農 環境システム 後
1210020010,富山大 人文  前
1210020020,富山大 人文  後
1210020310,富山大 人文 人文 前
1210020320,富山大 人文 人文 後
1210180010,富山大 経済  前
1210180020,富山大 経済  後
1210180410,富山大 経済 経済経営 前
1210180420,富山大 経済 経済経営 後
1210300010,富山大 教育  前
1210300020,富山大 教育  後
1210303310,富山大 教育 共同教員養成 前
1210303320,富山大 教育 共同教員養成 後
1210420010,富山大 理  前
1210420020,富山大 理  後
1210420711,富山大 理 理 前
1210420712,富山大 理 理 前
1210420713,富山大 理 理 前
1210420714,富山大 理 理 前
1210420715,富山大 理 理 前
1210420721,富山大 理 理 後
1210420722,富山大 理 理 後
1210420723,富山大 理 理 後
1210420724,富山大 理 理 後
1210420725,富山大 理 理 後
1210460010,富山大 工  前
1210460020,富山大 工  後
1210461211,富山大 工 工／電気電子 前
1210461212,富山大 工 工／電気電子 前
1210461220,富山大 工 工／電気電子 後
1210461310,富山大 工 工／知能情報 前
1210461320,富山大 工 工／知能情報 後
1210461410,富山大 工 工／機械工学 前
1210461420,富山大 工 工／機械工学 後
1210461510,富山大 工 工／生命工学 前
1210461520,富山大 工 工／生命工学 後
1210461610,富山大 工 工／応用化学 前
1210461620,富山大 工 工／応用化学 後
1210470010,富山大 都市デザ  前
1210470020,富山大 都市デザ  後
1210470110,富山大 都市デザ 地球システム 前
1210470120,富山大 都市デザ 地球システム 後
1210470210,富山大 都市デザ 都市・交通デ 前
1210470220,富山大 都市デザ 都市・交通デ 後
1210470310,富山大 都市デザ 材料デザイン 前
1210470320,富山大 都市デザ 材料デザイン 後
1210550010,富山大 医  前
1210550020,富山大 医  後
1210550110,富山大 医 医 前
1210550210,富山大 医 看護 前
1210550220,富山大 医 看護 後
1210610010,富山大 薬  前
1210610020,富山大 薬  後
1210610110,富山大 薬 薬 前
1210610120,富山大 薬 薬 後
1210610210,富山大 薬 創薬科学 前
1210610220,富山大 薬 創薬科学 後
1210830010,富山大 芸術文化  前
1210830020,富山大 芸術文化  後
1210830111,富山大 芸術文化 芸術文化 前
1210830112,富山大 芸術文化 芸術文化 前
1210830121,富山大 芸術文化 芸術文化 後
1210830122,富山大 芸術文化 芸術文化 後
1235300010,山梨大 教育  前
1235300020,山梨大 教育  後
1235300110,山梨大 教育 学校／幼児教 前
1235300120,山梨大 教育 学校／幼児教 後
1235300210,山梨大 教育 学校／障害児 前
1235300220,山梨大 教育 学校／障害児 後
1235300310,山梨大 教育 学校／言語教 前
1235300320,山梨大 教育 学校／言語教 後
1235300410,山梨大 教育 学校／生活社 前
1235300420,山梨大 教育 学校／生活社 後
1235300510,山梨大 教育 学校／科学教 前
1235300520,山梨大 教育 学校／科学教 後
1235300610,山梨大 教育 学校／芸術身 前
1235300620,山梨大 教育 学校／芸術身 後
1235370010,山梨大 生命環境  前
1235370020,山梨大 生命環境  後
1235370110,山梨大 生命環境 生命工 前
1235370120,山梨大 生命環境 生命工 後
1235370210,山梨大 生命環境 地域食物科学 前
1235370220,山梨大 生命環境 地域食物科学 後
1235370310,山梨大 生命環境 食物／ワイン 前
1235370410,山梨大 生命環境 環境科学 前
1235370420,山梨大 生命環境 環境科学 後
1235370510,山梨大 生命環境 地域社会シス 前
1235370520,山梨大 生命環境 地域社会シス 後
1235370610,山梨大 生命環境 社会／観光政 前
1235370620,山梨大 生命環境 社会／観光政 後
1235460010,山梨大 工  前
1235460020,山梨大 工  後
1235461910,山梨大 工 工／クリーン 前
1235462010,山梨大 工 工／応用化学 前
1235462110,山梨大 工 工／土木環境 前
1235462210,山梨大 工 工／コンピュ 前
1235462310,山梨大 工 工／機械工学 前
1235462410,山梨大 工 工／メカトロ 前
1235462510,山梨大 工 工／電気電子 前
1235462610,山梨大 工 工／総合工学 前
1235462620,山梨大 工 工／総合工学 後
1235550010,山梨大 医  前
1235550020,山梨大 医  後
1235550120,山梨大 医 医 後
1235550210,山梨大 医 看護 前
1235550220,山梨大 医 看護 後
1100030010,筑波大 人文文化  前
1100030020,筑波大 人文文化  後
1100030110,筑波大 人文文化 人文学類 前
1100030120,筑波大 人文文化 人文学類 後
1100030210,筑波大 人文文化 比較文化学類 前
1100030310,筑波大 人文文化 日本語・日本 前
1100270010,筑波大 社会国際  前
1100270110,筑波大 社会国際 社会学類 前
1100270210,筑波大 社会国際 国際総合学類 前
1100380010,筑波大 人間  前
1100380020,筑波大 人間  後
1100380110,筑波大 人間 教育学類 前
1100380120,筑波大 人間 教育学類 後
1100380210,筑波大 人間 心理学類 前
1100380220,筑波大 人間 心理学類 後
1100380310,筑波大 人間 障害科学類 前
1100380320,筑波大 人間 障害科学類 後
1100390010,筑波大 情報  前
1100390020,筑波大 情報  後
1100390110,筑波大 情報 情報科学類 前
1100390210,筑波大 情報 メディア創成 前
1100390320,筑波大 情報 知識情報・図 後
1100470010,筑波大 理工  前
1100470020,筑波大 理工  後
1100470110,筑波大 理工 数学類 前
1100470210,筑波大 理工 物理学類 前
1100470220,筑波大 理工 物理学類 後
1100470310,筑波大 理工 化学類 前
1100470320,筑波大 理工 化学類 後
1100470410,筑波大 理工 応用理工学類 前
1100470420,筑波大 理工 応用理工学類 後
1100470510,筑波大 理工 工学システム 前
1100470520,筑波大 理工 工学システム 後
1100470610,筑波大 理工 社会工学類 前
1100470620,筑波大 理工 社会工学類 後
1100550010,筑波大 医  前
1100550111,筑波大 医 医学類 前
1100550112,筑波大 医 医学類 前
1100550113,筑波大 医 医学類 前
1100550510,筑波大 医 看護学類 前
1100550610,筑波大 医 医療科学類 前
1100640010,筑波大 体育  前
1100740010,筑波大 生命環境  前
1100740020,筑波大 生命環境  後
1100740110,筑波大 生命環境 生物学類 前
1100740120,筑波大 生命環境 生物学類 後
1100740210,筑波大 生命環境 生物資源学類 前
1100740220,筑波大 生命環境 生物資源学類 後
1100740310,筑波大 生命環境 地球学類 前
1100740320,筑波大 生命環境 地球学類 後
1100830010,筑波大 芸術  前
1100830020,筑波大 芸術  後
1100940010,筑波大 総合文系  前
1100950010,筑波大 総合理Ⅰ  前
1100960010,筑波大 総合理Ⅱ  前
1100970010,筑波大 総合理Ⅲ  前
1115310010,群馬大 共同教育  前
1115310110,群馬大 共同教育 学校／国語 前
1115310210,群馬大 共同教育 学校／社会 前
1115310310,群馬大 共同教育 学校／英語 前
1115310410,群馬大 共同教育 学校／数学 前
1115310510,群馬大 共同教育 学校／理科 前
1115310610,群馬大 共同教育 学校／技術 前
1115310710,群馬大 共同教育 学校／音楽 前
1115310810,群馬大 共同教育 学校／美術 前
1115310910,群馬大 共同教育 学校／家政 前
1115311010,群馬大 共同教育 学校／保健体 前
1115311110,群馬大 共同教育 学校／教育 前
1115311210,群馬大 共同教育 学校／教育心 前
1115311310,群馬大 共同教育 学校／特別支 前
1115370010,群馬大 情報  前
1115370020,群馬大 情報  後
1115370110,群馬大 情報 情報 前
1115370121,群馬大 情報 情報 後
1115370122,群馬大 情報 情報 後
1115470010,群馬大 理工  前
1115470020,群馬大 理工  後
1115470610,群馬大 理工 物質・環境類 前
1115470620,群馬大 理工 物質・環境類 後
1115470710,群馬大 理工 電子・機械類 前
1115470720,群馬大 理工 電子・機械類 後
1115550010,群馬大 医  前
1115550020,群馬大 医  後
1115550111,群馬大 医 医 前
1115550112,群馬大 医 医 前
1115550310,群馬大 医 保健／看護学 前
1115550320,群馬大 医 保健／看護学 後
1115550410,群馬大 医 保健／検査技 前
1115550420,群馬大 医 保健／検査技 後
1115550510,群馬大 医 保健／理学療 前
1115550520,群馬大 医 保健／理学療 後
1115550610,群馬大 医 保健／作業療 前
1115550620,群馬大 医 保健／作業療 後
1205020010,新潟大 人文  前
1205020020,新潟大 人文  後
1205020410,新潟大 人文 人文 前
1205020420,新潟大 人文 人文 後
1205120010,新潟大 法  前
1205120020,新潟大 法  後
1205120110,新潟大 法 法 前
1205120120,新潟大 法 法 後
1205210010,新潟大 経済科学  前
1205210020,新潟大 経済科学  後
1205210110,新潟大 経済科学 総合経済 前
1205210120,新潟大 経済科学 総合経済 後
1205300010,新潟大 教育  前
1205300110,新潟大 教育 学校／数学 前
1205300210,新潟大 教育 学校／社会科 前
1205300310,新潟大 教育 学校／理科 前
1205300410,新潟大 教育 学校／音楽 前
1205300510,新潟大 教育 学校／美術 前
1205300610,新潟大 教育 学校／保健体 前
1205300710,新潟大 教育 学校／国語 前
1205300810,新潟大 教育 学校／英語 前
1205300910,新潟大 教育 学校／技術科 前
1205301010,新潟大 教育 学校／家庭科 前
1205301110,新潟大 教育 学校／特別支 前
1205301310,新潟大 教育 学校／教育学 前
1205301410,新潟大 教育 学校／教育心 前
1205370010,新潟大 創生  前
1205370211,新潟大 創生 創生／創生学 前
1205370212,新潟大 創生 創生／創生学 前
1205370311,新潟大 創生 創生／ＤＸ共 前
1205370312,新潟大 創生 創生／ＤＸ共 前
1205420010,新潟大 理  前
1205420020,新潟大 理  後
1205420711,新潟大 理 理 前
1205420712,新潟大 理 理 前
1205420713,新潟大 理 理 前
1205420720,新潟大 理 理 後
1205460010,新潟大 工  前
1205460020,新潟大 工  後
1205460816,新潟大 工 工 前
1205460817,新潟大 工 工 前
1205460820,新潟大 工 工 後
1205550010,新潟大 医  前
1205550020,新潟大 医  後
1205550110,新潟大 医 医 前
1205550310,新潟大 医 保健／看護学 前
1205550320,新潟大 医 保健／看護学 後
1205550410,新潟大 医 保健／放射線 前
1205550420,新潟大 医 保健／放射線 後
1205550510,新潟大 医 保健／検査技 前
1205550520,新潟大 医 保健／検査技 後
1205580010,新潟大 歯  前
1205580020,新潟大 歯  後
1205580110,新潟大 歯 歯 前
1205580120,新潟大 歯 歯 後
1205580210,新潟大 歯 口腔生命福祉 前
1205720010,新潟大 農  前
1205720020,新潟大 農  後
1205720410,新潟大 農 農 前
1205720420,新潟大 農 農 後
1128470010,東京海洋大 海洋工  前
1128470020,東京海洋大 海洋工  後
1128470110,東京海洋大 海洋工 海洋電子機械 前
1128470120,東京海洋大 海洋工 海洋電子機械 後
1128470210,東京海洋大 海洋工 海事シス工 前
1128470220,東京海洋大 海洋工 海事シス工 後
1128470310,東京海洋大 海洋工 流通情報工 前
1128470320,東京海洋大 海洋工 流通情報工 後
1128750010,東京海洋大 海洋生命  前
1128750020,東京海洋大 海洋生命  後
1128750110,東京海洋大 海洋生命 海洋生物資源 前
1128750120,東京海洋大 海洋生命 海洋生物資源 後
1128750210,東京海洋大 海洋生命 食品生産科学 前
1128750220,東京海洋大 海洋生命 食品生産科学 後
1128750310,東京海洋大 海洋生命 海洋政策文化 前
1128750320,東京海洋大 海洋生命 海洋政策文化 後
1128760010,東京海洋大 海洋資源  前
1128760020,東京海洋大 海洋資源  後
1128760110,東京海洋大 海洋資源 海洋環境科学 前
1128760120,東京海洋大 海洋資源 海洋環境科学 後
1128760210,東京海洋大 海洋資源 海洋資源エネ 前
1128760220,東京海洋大 海洋資源 海洋資源エネ 後
1150030010,東京外大 言語文化  前
1150030110,東京外大 言語文化 言文／英語 前
1150030210,東京外大 言語文化 言文／ドイツ 前
1150030510,東京外大 言語文化 言文／フラン 前
1150030610,東京外大 言語文化 言文／イタリ 前
1150030710,東京外大 言語文化 言文／スペイ 前
1150030810,東京外大 言語文化 言文／ポルト 前
1150030910,東京外大 言語文化 言文／ロシア 前
1150031210,東京外大 言語文化 言文／中国語 前
1150031310,東京外大 言語文化 言文／朝鮮語 前
1150032810,東京外大 言語文化 言文／中欧 前
1150032910,東京外大 言語文化 言文／中央ア 前
1150033010,東京外大 言語文化 言文／東南１ 前
1150033110,東京外大 言語文化 言文／東南２ 前
1150033210,東京外大 言語文化 言文／南アジ 前
1150033310,東京外大 言語文化 言文／中東 前
1150270010,東京外大 国際社会  前
1150270020,東京外大 国際社会  後
1150271810,東京外大 国際社会 国社／中央ヨ 前
1150271820,東京外大 国際社会 国社／中央ヨ 後
1150271910,東京外大 国際社会 国社／西南ヨ 前
1150271920,東京外大 国際社会 国社／西南ヨ 後
1150272510,東京外大 国際社会 国社／東アジ 前
1150272520,東京外大 国際社会 国社／東アジ 後
1150272710,東京外大 国際社会 国社／東南１ 前
1150272720,東京外大 国際社会 国社／東南１ 後
1150272810,東京外大 国際社会 国社／東南２ 前
1150272820,東京外大 国際社会 国社／東南２ 後
1150272910,東京外大 国際社会 国社／南アジ 前
1150272920,東京外大 国際社会 国社／南アジ 後
1150273010,東京外大 国際社会 国社／中東 前
1150273020,東京外大 国際社会 国社／中東 後
1150273110,東京外大 国際社会 国社／アフリ 前
1150273120,東京外大 国際社会 国社／アフリ 後
1150273210,東京外大 国際社会 国社／オセア 前
1150273310,東京外大 国際社会 国社／北西ヨ 前
1150273320,東京外大 国際社会 国社／北西ヨ 後
1150273410,東京外大 国際社会 国社／イベラ 前
1150273420,東京外大 国際社会 国社／イベラ 後
1150273520,東京外大 国際社会 国社／ロ・中 後
1150273610,東京外大 国際社会 国社／ロシア 前
1150273710,東京外大 国際社会 国社／中央ア 前
1150330010,東京外大 国際日本  前
1150330110,東京外大 国際日本 国際日本 前
1140910010,東京大 文科一類  前
1140920010,東京大 文科二類  前
1140930010,東京大 文科三類  前
1140940010,東京大 理科一類  前
1140950010,東京大 理科二類  前
1140960010,東京大 理科三類  前
1155300010,東京学芸大 教育  前
1155300020,東京学芸大 教育  後
1155300110,東京学芸大 教育 学校／中音楽 前
1155300210,東京学芸大 教育 学校／中美術 前
1155300310,東京学芸大 教育 学校／中保健 前
1155300410,東京学芸大 教育 学校／中家庭 前
1155300510,東京学芸大 教育 学校／中技術 前
1155300610,東京学芸大 教育 学校／中英語 前
1155300710,東京学芸大 教育 学校／中書道 前
1155301810,東京学芸大 教育 学校／中情報 前
1155301910,東京学芸大 教育 学校／特別支 前
1155302010,東京学芸大 教育 学校／養護教 前
1155305610,東京学芸大 教育 教育／生涯学 前
1155305620,東京学芸大 教育 教育／生涯学 後
1155305710,東京学芸大 教育 教育／カウン 前
1155305810,東京学芸大 教育 教育／ソーシ 前
1155305910,東京学芸大 教育 教育／多文化 前
1155305920,東京学芸大 教育 教育／多文化 後
1155306010,東京学芸大 教育 教育／情報教 前
1155306020,東京学芸大 教育 教育／情報教 後
1155306110,東京学芸大 教育 教育／表現教 前
1155306210,東京学芸大 教育 教育／生涯ス 前
1155306310,東京学芸大 教育 学校／初国語 前
1155306320,東京学芸大 教育 学校／初国語 後
1155306410,東京学芸大 教育 学校／初社会 前
1155306420,東京学芸大 教育 学校／初社会 後
1155306510,東京学芸大 教育 学校／初数学 前
1155306520,東京学芸大 教育 学校／初数学 後
1155306610,東京学芸大 教育 学校／初理科 前
1155306620,東京学芸大 教育 学校／初理科 後
1155306710,東京学芸大 教育 学校／初音楽 前
1155306720,東京学芸大 教育 学校／初音楽 後
1155306810,東京学芸大 教育 学校／初美術 前
1155306910,東京学芸大 教育 学校／初保健 前
1155307010,東京学芸大 教育 学校／初家庭 前
1155307110,東京学芸大 教育 学校／初英語 前
1155307210,東京学芸大 教育 学校／学校教 前
1155307220,東京学芸大 教育 学校／学校教 後
1155307310,東京学芸大 教育 学校／学校心 前
1155307410,東京学芸大 教育 学校／国際教 前
1155308310,東京学芸大 教育 学校／環境教 前
1155308410,東京学芸大 教育 学校／初もの 前
1155308510,東京学芸大 教育 学校／初幼児 前
1155308610,東京学芸大 教育 学校／中国語 前
1155309710,東京学芸大 教育 学校／中社会 前
1155309720,東京学芸大 教育 学校／中社会 後
1155309810,東京学芸大 教育 学校／中数学 前
1155309820,東京学芸大 教育 学校／中数学 後
1155309910,東京学芸大 教育 学校／中理科 前
1155309920,東京学芸大 教育 学校／中理科 後
1165430010,東京科学大 理  前
1165480010,東京科学大 工  前
1165490010,東京科学大 物質理工  前
1165500010,東京科学大 情報理工  前
1165510010,東京科学大 生命理工  前
1165510110,東京科学大 生命理工 生命理工学系 前
1165520010,東京科学大 環境社会  前
1165550010,東京科学大 医  前
1165550020,東京科学大 医  後
1165550110,東京科学大 医 医 前
1165550120,東京科学大 医 医 後
1165550210,東京科学大 医 保健／看護学 前
1165550310,東京科学大 医 保健／検査技 前
1165550320,東京科学大 医 保健／検査技 後
1165580010,東京科学大 歯  前
1165580020,東京科学大 歯  後
1165580110,東京科学大 歯 歯 前
1165580120,東京科学大 歯 歯 後
1165580210,東京科学大 歯 口腔／保健衛 前
1165580310,東京科学大 歯 口腔／保健工 前
1160830010,東京芸大 美術  前
1160830110,東京芸大 美術 絵画／油画 前
1160830210,東京芸大 美術 絵画／日本画 前
1160830310,東京芸大 美術 建築 前
1160830410,東京芸大 美術 芸術 前
1160830510,東京芸大 美術 工芸 前
1160830610,東京芸大 美術 彫刻 前
1160830710,東京芸大 美術 デザイン 前
1160830810,東京芸大 美術 先端芸術表現 前
1160840010,東京芸大 音楽  前
1160840110,東京芸大 音楽 楽理 前
1160840610,東京芸大 音楽 作曲 前
1160840710,東京芸大 音楽 指揮 前
1160840810,東京芸大 音楽 声楽 前
1160840910,東京芸大 音楽 邦楽 前
1160841110,東京芸大 音楽 音楽環境創造 前
1160841210,東京芸大 音楽 器楽 前
1180460010,東京農工大 工  前
1180460020,東京農工大 工  後
1180460110,東京農工大 工 機械シス工 前
1180460120,東京農工大 工 機械シス工 後
1180460410,東京農工大 工 生命工 前
1180460420,東京農工大 工 生命工 後
1180461110,東京農工大 工 応用化 前
1180461120,東京農工大 工 応用化 後
1180461210,東京農工大 工 化学物理工 前
1180461220,東京農工大 工 化学物理工 後
1180461310,東京農工大 工 生体医用シス 前
1180461320,東京農工大 工 生体医用シス 後
1180461410,東京農工大 工 知能情報シス 前
1180461420,東京農工大 工 知能情報シス 後
1180720010,東京農工大 農  前
1180720020,東京農工大 農  後
1180720110,東京農工大 農 応用生物科学 前
1180720120,東京農工大 農 応用生物科学 後
1180720510,東京農工大 農 地域生態シス 前
1180720520,東京農工大 農 地域生態シス 後
1180721010,東京農工大 農 生物生産 前
1180721020,東京農工大 農 生物生産 後
1180721510,東京農工大 農 環境資源科学 前
1180721520,東京農工大 農 環境資源科学 後
1180721610,東京農工大 農 共同獣医 前
1180721620,東京農工大 農 共同獣医 後
1135470010,電気通信大 情報理工  前
1135470020,電気通信大 情報理工  後
1135471410,電気通信大 情報理工 Ⅰ類・情報系 前
1135471420,電気通信大 情報理工 Ⅰ類・情報系 後
1135471510,電気通信大 情報理工 Ⅱ類・融合系 前
1135471520,電気通信大 情報理工 Ⅱ類・融合系 後
1135471610,電気通信大 情報理工 Ⅲ類・理工系 前
1135471620,電気通信大 情報理工 Ⅲ類・理工系 後
1190180010,横浜国立大 経済  前
1190180020,横浜国立大 経済  後
1190180610,横浜国立大 経済 経済 前
1190180620,横浜国立大 経済 経済 後
1190180710,横浜国立大 経済 経済／ＤＳＥ 前
1190180720,横浜国立大 経済 経済／ＤＳＥ 後
1190180810,横浜国立大 経済 経済／ＬＢＥ 前
1190180820,横浜国立大 経済 経済／ＬＢＥ 後
1190190010,横浜国立大 経営  前
1190190020,横浜国立大 経営  後
1190190210,横浜国立大 経営 経営 前
1190190220,横浜国立大 経営 経営 後
1190190510,横浜国立大 経営 経営／ＤＳＥ 前
1190190520,横浜国立大 経営 経営／ＤＳＥ 後
1190300010,横浜国立大 教育  前
1190300310,横浜国立大 教育 学校／言文社 前
1190300410,横浜国立大 教育 学校／自然生 前
1190300510,横浜国立大 教育 学校／音楽 前
1190300610,横浜国立大 教育 学校／美術 前
1190300710,横浜国立大 教育 学校／保健体 前
1190300810,横浜国立大 教育 学校／心理学 前
1190300910,横浜国立大 教育 学校／特別支 前
1190370010,横浜国立大 都市科学  前
1190370020,横浜国立大 都市科学  後
1190370110,横浜国立大 都市科学 都市社会共生 前
1190370120,横浜国立大 都市科学 都市社会共生 後
1190370210,横浜国立大 都市科学 建築 前
1190370220,横浜国立大 都市科学 建築 後
1190370310,横浜国立大 都市科学 都市基盤 前
1190370320,横浜国立大 都市科学 都市基盤 後
1190370410,横浜国立大 都市科学 環境リスク共 前
1190370420,横浜国立大 都市科学 環境リスク共 後
1190470010,横浜国立大 理工  前
1190470020,横浜国立大 理工  後
1190470810,横浜国立大 理工 数物／数理科 前
1190470820,横浜国立大 理工 数物／数理科 後
1190470910,横浜国立大 理工 数物／物理工 前
1190470920,横浜国立大 理工 数物／物理工 後
1190471010,横浜国立大 理工 数物／電子情 前
1190471020,横浜国立大 理工 数物／電子情 後
1190471110,横浜国立大 理工 数物／情報工 前
1190471120,横浜国立大 理工 数物／情報工 後
1190471310,横浜国立大 理工 機械／機械工 前
1190471320,横浜国立大 理工 機械／機械工 後
1190471410,横浜国立大 理工 機械／材料工 前
1190471420,横浜国立大 理工 機械／材料工 後
1190471510,横浜国立大 理工 機械／海洋空 前
1190471520,横浜国立大 理工 機械／海洋空 後
1190471610,横浜国立大 理工 化学・生命系 前
1190471620,横浜国立大 理工 化学・生命系 後
1225300010,福井大 教育  前
1225300020,福井大 教育  後
1225300215,福井大 教育 学校／中等教 前
1225300217,福井大 教育 学校／中等教 前
1225300218,福井大 教育 学校／中等教 前
1225300219,福井大 教育 学校／中等教 前
1225300220,福井大 教育 学校／中等教 後
1225300311,福井大 教育 学校／初等教 前
1225300312,福井大 教育 学校／初等教 前
1225300313,福井大 教育 学校／初等教 前
1225300314,福井大 教育 学校／初等教 前
1225300320,福井大 教育 学校／初等教 後
1225330010,福井大 国際地域  前
1225330020,福井大 国際地域  後
1225330110,福井大 国際地域 国際地域 前
1225330120,福井大 国際地域 国際地域 後
1225460010,福井大 工  前
1225460020,福井大 工  後
1225461010,福井大 工 機械・シス工 前
1225461020,福井大 工 機械・シス工 後
1225461110,福井大 工 電気電子情報 前
1225461120,福井大 工 電気電子情報 後
1225461210,福井大 工 建築・都市環 前
1225461220,福井大 工 建築・都市環 後
1225461310,福井大 工 物質・生命化 前
1225461320,福井大 工 物質・生命化 後
1225461410,福井大 工 応用物理 前
1225461420,福井大 工 応用物理 後
1225550010,福井大 医  前
1225550020,福井大 医  後
1225550110,福井大 医 医 前
1225550120,福井大 医 医 後
1225550210,福井大 医 看護 前
1225550220,福井大 医 看護 後
1200460010,長岡技術科学大 工  前
1200461310,長岡技術科学大 工 工学 前
1220370010,金沢大 融合学域  前
1220370111,金沢大 融合学域 先導学類 前
1220370112,金沢大 融合学域 先導学類 前
1220370211,金沢大 融合学域 観光デザイン 前
1220370212,金沢大 融合学域 観光デザイン 前
1220370311,金沢大 融合学域 スマート創成 前
1220370312,金沢大 融合学域 スマート創成 前
1220910010,金沢大 人間社会  前
1220910110,金沢大 人間社会 人文学類 前
1220910210,金沢大 人間社会 法学類 前
1220910310,金沢大 人間社会 経済学類 前
1220910411,金沢大 人間社会 学校教育学類 前
1220910412,金沢大 人間社会 学校教育学類 前
1220910510,金沢大 人間社会 地域創造学類 前
1220910610,金沢大 人間社会 国際学類 前
1220920010,金沢大 理工学域  前
1220920110,金沢大 理工学域 数物科学類 前
1220920210,金沢大 理工学域 物質化学類 前
1220920310,金沢大 理工学域 機械工学類 前
1220921110,金沢大 理工学域 地球社会基盤 前
1220921210,金沢大 理工学域 生命理工学類 前
1220921310,金沢大 理工学域 フロンティア 前
1220921410,金沢大 理工学域 電子情報通信 前
1220930010,金沢大 医薬保健  前
1220930110,金沢大 医薬保健 医学類 前
1220930310,金沢大 医薬保健 保健／看護学 前
1220930410,金沢大 医薬保健 保健／診療放 前
1220930510,金沢大 医薬保健 保健／医療検 前
1220930810,金沢大 医薬保健 薬学類 前
1220930910,金沢大 医薬保健 医薬科学類 前
1220931010,金沢大 医薬保健 保健／理・作 前
1220940010,金沢大 文系一括  前
1220950010,金沢大 理系一括  前
1245470010,信州大 繊維  前
1245470020,信州大 繊維  後
1245470110,信州大 繊維 応用生物科学 前
1245470120,信州大 繊維 応用生物科学 後
1245472110,信州大 繊維 先進繊維・感 前
1245472120,信州大 繊維 先進繊維・感 後
1245472210,信州大 繊維 機械・ロボッ 前
1245472220,信州大 繊維 機械・ロボッ 後
1245472310,信州大 繊維 化学・材料 前
1245472320,信州大 繊維 化学・材料 後
1245550010,信州大 医  前
1245550020,信州大 医  後
1245550110,信州大 医 医 前
1245550310,信州大 医 保健／看護学 前
1245550320,信州大 医 保健／看護学 後
1245550410,信州大 医 保健／検査技 前
1245550420,信州大 医 保健／検査技 後
1245550510,信州大 医 保健／理学療 前
1245550610,信州大 医 保健／作業療 前
1245550620,信州大 医 保健／作業療 後
1245720010,信州大 農  前
1245720020,信州大 農  後
1245720410,信州大 農 農学／生命食 前
1245720420,信州大 農 農学／生命食 後
1245720710,信州大 農 農学／山岳圏 前
1245720720,信州大 農 農学／山岳圏 後
1245720910,信州大 農 農学／食料生 前
1245720920,信州大 農 農学／食料生 後
1245721010,信州大 農 農学／地域協 前
1250210010,岐阜大 社会シス  前
1250300010,岐阜大 教育  前
1250306210,岐阜大 教育 学校／国語 前
1250306710,岐阜大 教育 学校／数学 前
1250307210,岐阜大 教育 学校／音楽 前
1250307310,岐阜大 教育 学校／美術 前
1250307410,岐阜大 教育 学校／保健体 前
1250307510,岐阜大 教育 学校／技術 前
1250307610,岐阜大 教育 学校／家政 前
1250307710,岐阜大 教育 学校／英語 前
1250308410,岐阜大 教育 学校／教育心 前
1250308510,岐阜大 教育 学校／学校教 前
1250308710,岐阜大 教育 学校／理科 前
1250308810,岐阜大 教育 学校／特別支 前
1250308910,岐阜大 教育 学校／社会科 前
1250370010,岐阜大 地域科学  前
1250370020,岐阜大 地域科学  後
1250460010,岐阜大 工  前
1250460020,岐阜大 工  後
1250460410,岐阜大 工 社会基盤工 前
1250460420,岐阜大 工 社会基盤工 後
1250461210,岐阜大 工 機械／機械 前
1250461220,岐阜大 工 機械／機械 後
1250461310,岐阜大 工 機械／知能機 前
1250461320,岐阜大 工 機械／知能機 後
1250461410,岐阜大 工 化学／物質化 前
1250461420,岐阜大 工 化学／物質化 後
1250461510,岐阜大 工 化学／生命化 前
1250461520,岐阜大 工 化学／生命化 後
1250461810,岐阜大 工 電気／電気電 前
1250461820,岐阜大 工 電気／電気電 後
1250461910,岐阜大 工 電気／情報 前
1250461920,岐阜大 工 電気／情報 後
1250462010,岐阜大 工 電気／応用物 前
1250462020,岐阜大 工 電気／応用物 後
1250550010,岐阜大 医  前
1250550020,岐阜大 医  後
1250550110,岐阜大 医 医 前
1250550210,岐阜大 医 看護 前
1250550220,岐阜大 医 看護 後
1250740010,岐阜大 応用生物  前
1250740020,岐阜大 応用生物  後
1250740410,岐阜大 応用生物 共同獣医 前
1250740510,岐阜大 応用生物 応用生命化 前
1250740520,岐阜大 応用生物 応用生命化 後
1250740610,岐阜大 応用生物 食農生命科学 前
1250740620,岐阜大 応用生物 食農生命科学 後
1250740710,岐阜大 応用生物 生物圏環境 前
1250740720,岐阜大 応用生物 生物圏環境 後
1255270010,静岡大 人文社会  前
1255270020,静岡大 人文社会  後
1255270110,静岡大 人文社会 社会 前
1255270120,静岡大 人文社会 社会 後
1255270210,静岡大 人文社会 言語文化 前
1255270310,静岡大 人文社会 法 前
1255270320,静岡大 人文社会 法 後
1255270410,静岡大 人文社会 経済 前
1255300010,静岡大 教育  前
1255300020,静岡大 教育  後
1255303710,静岡大 教育 学校／教育実 前
1255303720,静岡大 教育 学校／教育実 後
1255303810,静岡大 教育 学校／教育心 前
1255304010,静岡大 教育 学校／幼児教 前
1255304310,静岡大 教育 学校／特別支 前
1255304320,静岡大 教育 学校／特別支 後
1255304410,静岡大 教育 学校／国語 前
1255304420,静岡大 教育 学校／国語 後
1255304510,静岡大 教育 学校／社会科 前
1255304610,静岡大 教育 学校／数学 前
1255304620,静岡大 教育 学校／数学 後
1255304710,静岡大 教育 学校／理科 前
1255304720,静岡大 教育 学校／理科 後
1255304810,静岡大 教育 学校／音楽 前
1255304910,静岡大 教育 学校／美術 前
1255304920,静岡大 教育 学校／美術 後
1255305010,静岡大 教育 学校／保健体 前
1255305110,静岡大 教育 学校／技術 前
1255305210,静岡大 教育 学校／家庭科 前
1255305220,静岡大 教育 学校／家庭科 後
1255305310,静岡大 教育 学校／英語 前
1255306310,静岡大 教育 学校／初等学 前
1255306410,静岡大 教育 学校／養護教 前
1255306420,静岡大 教育 学校／養護教 後
1255370010,静岡大 情報  前
1255370020,静岡大 情報  後
1255370110,静岡大 情報 情報科学 前
1255370120,静岡大 情報 情報科学 後
1255370210,静岡大 情報 情報社会 前
1255370220,静岡大 情報 情報社会 後
1255370310,静岡大 情報 行動情報 前
1255370320,静岡大 情報 行動情報 後
1255390010,静岡大 グローバ  前
1255390020,静岡大 グローバ  後
1255390110,静岡大 グローバ グローバル共 前
1255390120,静岡大 グローバ グローバル共 後
1255420010,静岡大 理  前
1255420020,静岡大 理  後
1255420110,静岡大 理 化学 前
1255420120,静岡大 理 化学 後
1255420210,静岡大 理 数学 前
1255420220,静岡大 理 数学 後
1255420310,静岡大 理 生物科学 前
1255420320,静岡大 理 生物科学 後
1255420410,静岡大 理 地球科学 前
1255420420,静岡大 理 地球科学 後
1255420510,静岡大 理 物理 前
1255420520,静岡大 理 物理 後
1255420710,静岡大 理 創造理学 前
1255420720,静岡大 理 創造理学 後
1255460010,静岡大 工  前
1255460020,静岡大 工  後
1255460210,静岡大 工 機械工 前
1255460220,静岡大 工 機械工 後
1255460610,静岡大 工 電気電子工 前
1255460620,静岡大 工 電気電子工 後
1255460910,静岡大 工 電子物質科学 前
1255460920,静岡大 工 電子物質科学 後
1255461010,静岡大 工 化学バイオ工 前
1255461020,静岡大 工 化学バイオ工 後
1255461110,静岡大 工 数理シス工 前
1255461120,静岡大 工 数理シス工 後
1255720010,静岡大 農  前
1255720020,静岡大 農  後
1255720610,静岡大 農 生物資源科学 前
1255720620,静岡大 農 生物資源科学 後
1255720710,静岡大 農 応用生命科学 前
1255720720,静岡大 農 応用生命科学 後
1260550010,浜松医大 医  前
1260550020,浜松医大 医  後
1260550111,浜松医大 医 医 前
1260550112,浜松医大 医 医 前
1260550120,浜松医大 医 医 後
1260550210,浜松医大 医 看護 前
1265300010,愛知教育大 教育  前
1265300020,愛知教育大 教育  後
1265300210,愛知教育大 教育 学校／義音楽 前
1265300220,愛知教育大 教育 学校／義音楽 後
1265300310,愛知教育大 教育 学校／義図画 前
1265300320,愛知教育大 教育 学校／義図画 後
1265300410,愛知教育大 教育 学校／義保健 前
1265300420,愛知教育大 教育 学校／義保健 後
1265300510,愛知教育大 教育 学校／義もの 前
1265300610,愛知教育大 教育 学校／義家庭 前
1265300620,愛知教育大 教育 学校／義家庭 後
1265300710,愛知教育大 教育 学校／義英語 前
1265300810,愛知教育大 教育 学校／高国語 前
1265300820,愛知教育大 教育 学校／高国語 後
1265300910,愛知教育大 教育 学校／高地歴 前
1265300920,愛知教育大 教育 学校／高地歴 後
1265301010,愛知教育大 教育 学校／高数学 前
1265301020,愛知教育大 教育 学校／高数学 後
1265301110,愛知教育大 教育 学校／高理科 前
1265301120,愛知教育大 教育 学校／高理科 後
1265301210,愛知教育大 教育 学校／高英語 前
1265301220,愛知教育大 教育 学校／高英語 後
1265306710,愛知教育大 教育 教育／心理 前
1265306720,愛知教育大 教育 教育／心理 後
1265306810,愛知教育大 教育 教育／福祉 前
1265306820,愛知教育大 教育 教育／福祉 後
1265306910,愛知教育大 教育 教育／教育ガ 前
1265306920,愛知教育大 教育 教育／教育ガ 後
1265307010,愛知教育大 教育 学校／幼児教 前
1265307020,愛知教育大 教育 学校／幼児教 後
1265309010,愛知教育大 教育 学校／特別支 前
1265309020,愛知教育大 教育 学校／特別支 後
1265309110,愛知教育大 教育 学校／養護教 前
1265309120,愛知教育大 教育 学校／養護教 後
1265309210,愛知教育大 教育 学校／義学校 前
1265309220,愛知教育大 教育 学校／義学校 後
1265309310,愛知教育大 教育 学校／義生活 前
1265309410,愛知教育大 教育 学校／義ＩＣ 前
1265309510,愛知教育大 教育 学校／義日本 前
1265309520,愛知教育大 教育 学校／義日本 後
1265309610,愛知教育大 教育 学校／義国語 前
1265309620,愛知教育大 教育 学校／義国語 後
1265309710,愛知教育大 教育 学校／義社会 前
1265309720,愛知教育大 教育 学校／義社会 後
1265309810,愛知教育大 教育 学校／義算数 前
1265309820,愛知教育大 教育 学校／義算数 後
1265309910,愛知教育大 教育 学校／義理科 前
1265309920,愛知教育大 教育 学校／義理科 後
1270460010,豊橋技術科学大 工  前
1275010010,名古屋大 文  前
1275010410,名古屋大 文 人文 前
1275120010,名古屋大 法  前
1275120310,名古屋大 法 法律・政治 前
1275180010,名古屋大 経済  前
1275300010,名古屋大 教育  前
1275300310,名古屋大 教育 人間発達科学 前
1275380010,名古屋大 情報  前
1275380110,名古屋大 情報 自然情報 前
1275380210,名古屋大 情報 人間・社会情 前
1275380310,名古屋大 情報 コンピュータ 前
1275420010,名古屋大 理  前
1275460010,名古屋大 工  前
1275461310,名古屋大 工 物理工 前
1275461410,名古屋大 工 環境土木・建 前
1275461510,名古屋大 工 化学生命工 前
1275461610,名古屋大 工 マテリアル工 前
1275461710,名古屋大 工 電気電子情報 前
1275461810,名古屋大 工 機械・航空宇 前
1275461910,名古屋大 工 エネルギー理 前
1275550010,名古屋大 医  前
1275550020,名古屋大 医  後
1275550111,名古屋大 医 医 前
1275550112,名古屋大 医 医 前
1275550120,名古屋大 医 医 後
1275550310,名古屋大 医 保健／看護学 前
1275550410,名古屋大 医 保健／放射線 前
1275550510,名古屋大 医 保健／検査技 前
1275550610,名古屋大 医 保健／理学療 前
1275550710,名古屋大 医 保健／作業療 前
1275720010,名古屋大 農  前
1275720310,名古屋大 農 生物環境科学 前
1275720410,名古屋大 農 資源生物科学 前
1275720510,名古屋大 農 応用生命科学 前
1280460010,名古屋工大 工  前
1280460020,名古屋工大 工  後
1280461310,名古屋工大 工 情報工 前
1280461320,名古屋工大 工 情報工 後
1280461610,名古屋工大 工 生命・応用化 前
1280461620,名古屋工大 工 生命・応用化 後
1280461710,名古屋工大 工 物理工 前
1280461720,名古屋工大 工 物理工 後
1280461810,名古屋工大 工 電気・機械工 前
1280461820,名古屋工大 工 電気・機械工 後
1280461910,名古屋工大 工 社会／建築デ 前
1280461920,名古屋工大 工 社会／建築デ 後
1280462010,名古屋工大 工 社会／環境都 前
1280462020,名古屋工大 工 社会／環境都 後
1280462110,名古屋工大 工 社会／経営シ 前
1280462120,名古屋工大 工 社会／経営シ 後
1280462310,名古屋工大 工 創造／材料エ 前
1280462320,名古屋工大 工 創造／材料エ 後
1280462410,名古屋工大 工 創造／情報社 前
1280462420,名古屋工大 工 創造／情報社 後
1285020010,三重大 人文  前
1285020020,三重大 人文  後
1285020110,三重大 人文 法律経済 前
1285020120,三重大 人文 法律経済 後
1285020210,三重大 人文 文化 前
1285020220,三重大 人文 文化 後
1285300010,三重大 教育  前
1285300020,三重大 教育  後
1285303810,三重大 教育 学校／特別支 前
1285303820,三重大 教育 学校／特別支 後
1285303910,三重大 教育 学校／幼児教 前
1285305010,三重大 教育 学校／国語初 前
1285305020,三重大 教育 学校／国語初 後
1285305110,三重大 教育 学校／国語中 前
1285305120,三重大 教育 学校／国語中 後
1285305210,三重大 教育 学校／社会初 前
1285305220,三重大 教育 学校／社会初 後
1285305310,三重大 教育 学校／社会中 前
1285305320,三重大 教育 学校／社会中 後
1285305410,三重大 教育 学校／理科初 前
1285305510,三重大 教育 学校／理科中 前
1285305610,三重大 教育 学校／音楽初 前
1285305620,三重大 教育 学校／音楽初 後
1285305710,三重大 教育 学校／音楽中 前
1285305810,三重大 教育 学校／美術初 前
1285305910,三重大 教育 学校／美術中 前
1285306010,三重大 教育 学校／保体初 前
1285306020,三重大 教育 学校／保体初 後
1285306110,三重大 教育 学校／保体中 前
1285306120,三重大 教育 学校／保体中 後
1285306210,三重大 教育 学校／技術初 前
1285306310,三重大 教育 学校／技術中 前
1285306410,三重大 教育 学校／家政初 前
1285306510,三重大 教育 学校／家政中 前
1285306610,三重大 教育 学校／英語初 前
1285306710,三重大 教育 学校／英語中 前
1285306810,三重大 教育 学校／教育学 前
1285306910,三重大 教育 学校／教育心 前
1285307010,三重大 教育 学校／数学初 前
1285307110,三重大 教育 学校／数学中 前
1285460010,三重大 工  前
1285460020,三重大 工  後
1285460810,三重大 工 総合／機械工 前
1285460820,三重大 工 総合／機械工 後
1285460910,三重大 工 総合／電気電 前
1285460920,三重大 工 総合／電気電 後
1285461010,三重大 工 総合／応用化 前
1285461020,三重大 工 総合／応用化 後
1285461110,三重大 工 総合／建築学 前
1285461120,三重大 工 総合／建築学 後
1285461210,三重大 工 総合／情報工 前
1285461220,三重大 工 総合／情報工 後
1285461310,三重大 工 総合／電子情 前
1285461320,三重大 工 総合／電子情 後
1285550010,三重大 医  前
1285550020,三重大 医  後
1285550111,三重大 医 医 前
1285550112,三重大 医 医 前
1285550120,三重大 医 医 後
1285550210,三重大 医 看護 前
1285550220,三重大 医 看護 後
1285740010,三重大 生物資源  前
1285740020,三重大 生物資源  後
1285740710,三重大 生物資源 生物／生物資 前
1285740810,三重大 生物資源 生物／農林環 前
1285740820,三重大 生物資源 生物／農林環 後
1285740910,三重大 生物資源 生物／海洋生 前
1285740920,三重大 生物資源 生物／海洋生 後
1285741010,三重大 生物資源 生物／生命化 前
1285741020,三重大 生物資源 生物／生命化 後
1290180010,滋賀大 経済  前
1290180020,滋賀大 経済  後
1290180711,滋賀大 経済 総合経済 前
1290180712,滋賀大 経済 総合経済 前
1290180713,滋賀大 経済 総合経済 前
1290180714,滋賀大 経済 総合経済 前
1290180721,滋賀大 経済 総合経済 後
1290180722,滋賀大 経済 総合経済 後
1290180723,滋賀大 経済 総合経済 後
1290180724,滋賀大 経済 総合経済 後
1290300010,滋賀大 教育  前
1290300020,滋賀大 教育  後
1290303810,滋賀大 教育 学校／障害児 前
1290305611,滋賀大 教育 学校教育 前
1290305612,滋賀大 教育 学校教育 前
1290305615,滋賀大 教育 学校教育 前
1290305616,滋賀大 教育 学校教育 前
1290305617,滋賀大 教育 学校教育 前
1290305620,滋賀大 教育 学校教育 後
1290370010,滋賀大 データサ  前
1290370020,滋賀大 データサ  後
1290370110,滋賀大 データサ データサイエ 前
1290370121,滋賀大 データサ データサイエ 後
1290370122,滋賀大 データサ データサイエ 後
1295550010,滋賀医大 医  前
1295550111,滋賀医大 医 医 前
1295550112,滋賀医大 医 医 前
1295550211,滋賀医大 医 看護 前
1295550212,滋賀医大 医 看護 前
1300010010,京都大 文  前
1300010110,京都大 文 人文 前
1300120010,京都大 法  前
1300180010,京都大 経済  前
1300180311,京都大 経済 経済経営 前
1300180313,京都大 経済 経済経営 前
1300300010,京都大 教育  前
1300300411,京都大 教育 教育科学 前
1300300412,京都大 教育 教育科学 前
1300370010,京都大 総合人間  前
1300370711,京都大 総合人間 総合人間 前
1300370712,京都大 総合人間 総合人間 前
1300420010,京都大 理  前
1300420110,京都大 理 理 前
1300460010,京都大 工  前
1300460210,京都大 工 建築 前
1300460410,京都大 工 理工化 前
1300460710,京都大 工 情報 前
1300460910,京都大 工 電気電子工 前
1300461110,京都大 工 物理工 前
1300461210,京都大 工 地球工 前
1300550010,京都大 医  前
1300550110,京都大 医 医 前
1300550210,京都大 医 人間健康科学 前
1300610010,京都大 薬  前
1300720010,京都大 農  前
1300721110,京都大 農 資源生物科学 前
1300721210,京都大 農 応用生命科学 前
1300721310,京都大 農 地域環境工 前
1300721410,京都大 農 食料・環境経 前
1300721510,京都大 農 森林科学 前
1300721610,京都大 農 食品生物科学 前
1305300010,京都教育大 教育  前
1305300020,京都教育大 教育  後
1305308110,京都教育大 教育 学校／教育学 前
1305308210,京都教育大 教育 学校／幼児教 前
1305308220,京都教育大 教育 学校／幼児教 後
1305308310,京都教育大 教育 学校／発達障 前
1305308320,京都教育大 教育 学校／発達障 後
1305308410,京都教育大 教育 学校／国語 前
1305308510,京都教育大 教育 学校／社会 前
1305308520,京都教育大 教育 学校／社会 後
1305308610,京都教育大 教育 学校／英語 前
1305308620,京都教育大 教育 学校／英語 後
1305308710,京都教育大 教育 学校／数学 前
1305308720,京都教育大 教育 学校／数学 後
1305308810,京都教育大 教育 学校／理科 前
1305308820,京都教育大 教育 学校／理科 後
1305308910,京都教育大 教育 学校／技術 前
1305309010,京都教育大 教育 学校／家庭 前
1305309110,京都教育大 教育 学校／美術 前
1305309120,京都教育大 教育 学校／美術 後
1305309210,京都教育大 教育 学校／書道 前
1305309310,京都教育大 教育 学校／音楽 前
1305309320,京都教育大 教育 学校／音楽 後
1305309410,京都教育大 教育 学校／体育 前
1305309420,京都教育大 教育 学校／体育 後
1310490010,京都工芸繊維大 工芸科学  前
1310491910,京都工芸繊維大 工芸科学 生物／一般プ 前
1310492010,京都工芸繊維大 工芸科学 化学／一般プ 前
1310492110,京都工芸繊維大 工芸科学 電子／一般プ 前
1310492210,京都工芸繊維大 工芸科学 情報／一般プ 前
1310492310,京都工芸繊維大 工芸科学 機械／一般プ 前
1310492510,京都工芸繊維大 工芸科学 デザ／一般プ 前
1310492610,京都工芸繊維大 工芸科学 生物／地域創 前
1310492710,京都工芸繊維大 工芸科学 化学／地域創 前
1310492810,京都工芸繊維大 工芸科学 電子／地域創 前
1310492910,京都工芸繊維大 工芸科学 情報／地域創 前
1310493010,京都工芸繊維大 工芸科学 機械／地域創 前
1310493210,京都工芸繊維大 工芸科学 デザ／地域創 前
1315010010,大阪大 文  前
1315010110,大阪大 文 人文 前
1315080010,大阪大 外国語  前
1315080210,大阪大 外国語 外国／中国語 前
1315080310,大阪大 外国語 外国／朝鮮語 前
1315080410,大阪大 外国語 外国／モンゴ 前
1315080510,大阪大 外国語 外国／インド 前
1315080610,大阪大 外国語 外国／フィリ 前
1315080710,大阪大 外国語 外国／タイ語 前
1315080810,大阪大 外国語 外国／ベトナ 前
1315080910,大阪大 外国語 外国／ビルマ 前
1315081010,大阪大 外国語 外国／ヒンデ 前
1315081110,大阪大 外国語 外国／ウルド 前
1315081210,大阪大 外国語 外国／アラビ 前
1315081310,大阪大 外国語 外国／ペルシ 前
1315081410,大阪大 外国語 外国／トルコ 前
1315081510,大阪大 外国語 外国／スワヒ 前
1315081610,大阪大 外国語 外国／ロシア 前
1315081710,大阪大 外国語 外国／ハンガ 前
1315081810,大阪大 外国語 外国／デンマ 前
1315081910,大阪大 外国語 外国／スウェ 前
1315082010,大阪大 外国語 外国／ドイツ 前
1315082110,大阪大 外国語 外国／英語 前
1315082210,大阪大 外国語 外国／フラン 前
1315082310,大阪大 外国語 外国／イタリ 前
1315082410,大阪大 外国語 外国／スペイ 前
1315082510,大阪大 外国語 外国／ポルト 前
1315082610,大阪大 外国語 外国／日本語 前
1315120010,大阪大 法  前
1315120110,大阪大 法 法 前
1315120210,大阪大 法 国際公共政策 前
1315180010,大阪大 経済  前
1315180310,大阪大 経済 経済・経営 前
1315370010,大阪大 人間科学  前
1315370110,大阪大 人間科学 人間科学 前
1315420010,大阪大 理  前
1315420110,大阪大 理 化学 前
1315420310,大阪大 理 数学 前
1315420510,大阪大 理 物理 前
1315420610,大阪大 理 生物／生物科 前
1315420710,大阪大 理 生物／生命理 前
1315460010,大阪大 工  前
1315460210,大阪大 工 応用自然科学 前
1315461510,大阪大 工 応用理工 前
1315461610,大阪大 工 地球総合工 前
1315461710,大阪大 工 電子情報工 前
1315461810,大阪大 工 環境・エネル 前
1315470010,大阪大 基礎工  前
1315470510,大阪大 基礎工 情報科学 前
1315470910,大阪大 基礎工 化学応用科学 前
1315471010,大阪大 基礎工 システム科学 前
1315471110,大阪大 基礎工 電子物理科学 前
1315550010,大阪大 医  前
1315550110,大阪大 医 医 前
1315550210,大阪大 医 保健／看護学 前
1315550310,大阪大 医 保健／検査技 前
1315550410,大阪大 医 保健／放射線 前
1315580010,大阪大 歯  前
1315580110,大阪大 歯 歯 前
1315610010,大阪大 薬  前
1315610310,大阪大 薬 薬 前
1325300010,大阪教育大 教育  前
1325300020,大阪教育大 教育  後
1325302110,大阪教育大 教育 学校／特別支 前
1325302120,大阪教育大 教育 学校／特別支 後
1325303010,大阪教育大 教育 教育／国際協 前
1325303110,大阪教育大 教育 教育／日本語 前
1325303410,大阪教育大 教育 学校／幼児教 前
1325303610,大阪教育大 教育 学校／小学校 前
1325303710,大阪教育大 教育 学校／教育探 前
1325303720,大阪教育大 教育 学校／教育探 後
1325303911,大阪教育大 教育 学校／ＩＣＴ 前
1325303912,大阪教育大 教育 学校／ＩＣＴ 前
1325303921,大阪教育大 教育 学校／ＩＣＴ 後
1325303922,大阪教育大 教育 学校／ＩＣＴ 後
1325304110,大阪教育大 教育 学校／国語 前
1325304120,大阪教育大 教育 学校／国語 後
1325304210,大阪教育大 教育 学校／英語 前
1325304310,大阪教育大 教育 養護教諭 前
1325304320,大阪教育大 教育 養護教諭 後
1325304510,大阪教育大 教育 教育／数理知 前
1325304520,大阪教育大 教育 教育／数理知 後
1325304710,大阪教育大 教育 学校／社会科 前
1325304810,大阪教育大 教育 学校／数学 前
1325304820,大阪教育大 教育 学校／数学 後
1325304910,大阪教育大 教育 学校／理科 前
1325305010,大阪教育大 教育 学校／技術 前
1325305020,大阪教育大 教育 学校／技術 後
1325305110,大阪教育大 教育 学校／家政 前
1325305120,大阪教育大 教育 学校／家政 後
1325305210,大阪教育大 教育 学校／保健体 前
1325305220,大阪教育大 教育 学校／保健体 後
1325305310,大阪教育大 教育 学校／音楽 前
1325305411,大阪教育大 教育 学校／美・書 前
1325305412,大阪教育大 教育 学校／美・書 前
1325305421,大阪教育大 教育 学校／美・書 後
1325305422,大阪教育大 教育 学校／美・書 後
1325306110,大阪教育大 教育 教育／環境安 前
1325306120,大阪教育大 教育 教育／環境安 後
1325306210,大阪教育大 教育 教育／心理科 前
1325306220,大阪教育大 教育 教育／心理科 後
1325306310,大阪教育大 教育 教育／スポー 前
1325306320,大阪教育大 教育 教育／スポー 後
1325306411,大阪教育大 教育 教育／芸術表 前
1325306412,大阪教育大 教育 教育／芸術表 前
1325306421,大阪教育大 教育 教育／芸術表 後
1325306422,大阪教育大 教育 教育／芸術表 後
1325310010,大阪教育大 教育夜  前
1325310020,大阪教育大 教育夜  後
1325310210,大阪教育大 教育夜 学校／小学校 前
1325310220,大阪教育大 教育夜 学校／小学校 後
1330010010,神戸大 文  前
1330010020,神戸大 文  後
1330010410,神戸大 文 人文 前
1330010420,神戸大 文 人文 後
1330120010,神戸大 法  前
1330120020,神戸大 法  後
1330120110,神戸大 法 法律 前
1330120120,神戸大 法 法律 後
1330180010,神戸大 経済  前
1330180111,神戸大 経済 経済 前
1330180112,神戸大 経済 経済 前
1330180113,神戸大 経済 経済 前
1330190010,神戸大 経営  前
1330190210,神戸大 経営 経営 前
1330340010,神戸大 国際人間  前
1330340020,神戸大 国際人間  後
1330340110,神戸大 国際人間 グローバル文 前
1330340120,神戸大 国際人間 グローバル文 後
1330340210,神戸大 国際人間 発達コミュニ 前
1330340220,神戸大 国際人間 発達コミュニ 後
1330340310,神戸大 国際人間 子ども教育 前
1330340320,神戸大 国際人間 子ども教育 後
1330340411,神戸大 国際人間 環境共生 前
1330340412,神戸大 国際人間 環境共生 前
1330340421,神戸大 国際人間 環境共生 後
1330340422,神戸大 国際人間 環境共生 後
1330420010,神戸大 理  前
1330420020,神戸大 理  後
1330420110,神戸大 理 化学 前
1330420120,神戸大 理 化学 後
1330420210,神戸大 理 数学 前
1330420220,神戸大 理 数学 後
1330420310,神戸大 理 生物 前
1330420320,神戸大 理 生物 後
1330420410,神戸大 理 惑星 前
1330420420,神戸大 理 惑星 後
1330420510,神戸大 理 物理 前
1330420520,神戸大 理 物理 後
1330460010,神戸大 工  前
1330460020,神戸大 工  後
1330460110,神戸大 工 応用化 前
1330460120,神戸大 工 応用化 後
1330460210,神戸大 工 機械工 前
1330460220,神戸大 工 機械工 後
1330460510,神戸大 工 電気電子工 前
1330460520,神戸大 工 電気電子工 後
1330460610,神戸大 工 建築 前
1330460620,神戸大 工 建築 後
1330460710,神戸大 工 市民工 前
1330460720,神戸大 工 市民工 後
1330480010,神戸大 システム  前
1330480020,神戸大 システム  後
1330480110,神戸大 システム システム情報 前
1330480120,神戸大 システム システム情報 後
1330550010,神戸大 医  前
1330550020,神戸大 医  後
1330550110,神戸大 医 医 前
1330550310,神戸大 医 保健／看護学 前
1330550410,神戸大 医 保健／検査技 前
1330550420,神戸大 医 保健／検査技 後
1330550510,神戸大 医 保健／作業療 前
1330550610,神戸大 医 保健／理学療 前
1330550620,神戸大 医 保健／理学療 後
1330550710,神戸大 医 医療創成工 前
1330720010,神戸大 農  前
1330720020,神戸大 農  後
1330720610,神戸大 農 食料／生産環 前
1330720620,神戸大 農 食料／生産環 後
1330720710,神戸大 農 食料／食料環 前
1330720720,神戸大 農 食料／食料環 後
1330720810,神戸大 農 資源／応用動 前
1330720820,神戸大 農 資源／応用動 後
1330720910,神戸大 農 資源／応用植 前
1330720920,神戸大 農 資源／応用植 後
1330721010,神戸大 農 生命／応用生 前
1330721020,神戸大 農 生命／応用生 後
1330721110,神戸大 農 生命／応用機 前
1330721120,神戸大 農 生命／応用機 後
1330740010,神戸大 海洋政策  前
1330740020,神戸大 海洋政策  後
1330740111,神戸大 海洋政策 海洋政策科学 前
1330740112,神戸大 海洋政策 海洋政策科学 前
1330740120,神戸大 海洋政策 海洋政策科学 後
1340310010,兵庫教育大 学校教育  前
1340310020,兵庫教育大 学校教育  後
1340310110,兵庫教育大 学校教育 学校教育 前
1340310120,兵庫教育大 学校教育 学校教育 後
1345300010,奈良教育大 教育  前
1345300020,奈良教育大 教育  後
1345306810,奈良教育大 教育 学校／教育学 前
1345306820,奈良教育大 教育 学校／教育学 後
1345306910,奈良教育大 教育 学校／心理学 前
1345306920,奈良教育大 教育 学校／心理学 後
1345307010,奈良教育大 教育 学校／幼年教 前
1345307020,奈良教育大 教育 学校／幼年教 後
1345307110,奈良教育大 教育 学校／特別支 前
1345307120,奈良教育大 教育 学校／特別支 後
1345307210,奈良教育大 教育 学校／国語初 前
1345307220,奈良教育大 教育 学校／国語初 後
1345307310,奈良教育大 教育 学校／国語中 前
1345307320,奈良教育大 教育 学校／国語中 後
1345307410,奈良教育大 教育 学校／社会初 前
1345307420,奈良教育大 教育 学校／社会初 後
1345307510,奈良教育大 教育 学校／社会中 前
1345307520,奈良教育大 教育 学校／社会中 後
1345307610,奈良教育大 教育 学校／数学初 前
1345307620,奈良教育大 教育 学校／数学初 後
1345307710,奈良教育大 教育 学校／数学中 前
1345307720,奈良教育大 教育 学校／数学中 後
1345307810,奈良教育大 教育 学校／理科初 前
1345307820,奈良教育大 教育 学校／理科初 後
1345307910,奈良教育大 教育 学校／理科中 前
1345307920,奈良教育大 教育 学校／理科中 後
1345308410,奈良教育大 教育 学校／保体初 前
1345308420,奈良教育大 教育 学校／保体初 後
1345308510,奈良教育大 教育 学校／保体中 前
1345308520,奈良教育大 教育 学校／保体中 後
1345308610,奈良教育大 教育 学校／家庭初 前
1345308620,奈良教育大 教育 学校／家庭初 後
1345308710,奈良教育大 教育 学校／家庭中 前
1345308720,奈良教育大 教育 学校／家庭中 後
1345308810,奈良教育大 教育 学校／技術中 前
1345308820,奈良教育大 教育 学校／技術中 後
1345308910,奈良教育大 教育 学校／英語中 前
1345308920,奈良教育大 教育 学校／英語中 後
1345309010,奈良教育大 教育 学校／書道教 前
1345309020,奈良教育大 教育 学校／書道教 後
1345309110,奈良教育大 教育 学校／文化遺 前
1345309120,奈良教育大 教育 学校／文化遺 後
1345309310,奈良教育大 教育 学校／音楽教 前
1345309320,奈良教育大 教育 学校／音楽教 後
1345309410,奈良教育大 教育 学校／美術教 前
1345309420,奈良教育大 教育 学校／美術教 後
1350010010,奈良女子大 文  前
1350010020,奈良女子大 文  後
1350420010,奈良女子大 理  前
1350420020,奈良女子大 理  後
1350420610,奈良女子大 理 数物科学 前
1350420620,奈良女子大 理 数物科学 後
1350420810,奈良女子大 理 化学／化学 前
1350420820,奈良女子大 理 化学／化学 後
1350420910,奈良女子大 理 化学／生物科 前
1350420920,奈良女子大 理 化学／生物科 後
1350421010,奈良女子大 理 化学／環境科 前
1350421020,奈良女子大 理 化学／環境科 後
1350460010,奈良女子大 工  前
1350460020,奈良女子大 工  後
1350460110,奈良女子大 工 工 前
1350460120,奈良女子大 工 工 後
1350790010,奈良女子大 生活環境  前
1350790020,奈良女子大 生活環境  後
1350790710,奈良女子大 生活環境 食物栄養 前
1350790720,奈良女子大 生活環境 食物栄養 後
1350790910,奈良女子大 生活環境 住環境 前
1350790920,奈良女子大 生活環境 住環境 後
1350791310,奈良女子大 生活環境 心身健康 前
1350791320,奈良女子大 生活環境 心身健康 後
1350791910,奈良女子大 生活環境 文化／生活文 前
1350791920,奈良女子大 生活環境 文化／生活文 後
1350792010,奈良女子大 生活環境 文化／生活情 前
1350792020,奈良女子大 生活環境 文化／生活情 後
1355180010,和歌山大 経済  前
1355180020,和歌山大 経済  後
1355180610,和歌山大 経済 経済 前
1355180620,和歌山大 経済 経済 後
1355270010,和歌山大 観光  前
1355270020,和歌山大 観光  後
1355270110,和歌山大 観光 観光 前
1355270120,和歌山大 観光 観光 後
1355300010,和歌山大 教育  前
1355300020,和歌山大 教育  後
1355305010,和歌山大 教育 学校／文科系 前
1355305020,和歌山大 教育 学校／文科系 後
1355305110,和歌山大 教育 学校／理科系 前
1355305120,和歌山大 教育 学校／理科系 後
1355305210,和歌山大 教育 学校／音・美 前
1355305310,和歌山大 教育 学校／保健体 前
1355370010,和歌山大 社会イン  前
1355470010,和歌山大 シス工  前
1355470020,和歌山大 シス工  後
1355470610,和歌山大 シス工 システム工 前
1355470620,和歌山大 シス工 システム工 後
1360270010,鳥取大 地域  前
1360270020,鳥取大 地域  後
1360270610,鳥取大 地域 地域／地域創 前
1360270620,鳥取大 地域 地域／地域創 後
1360270710,鳥取大 地域 地域／人間形 前
1360270720,鳥取大 地域 地域／人間形 後
1360270810,鳥取大 地域 地域／国際地 前
1360270820,鳥取大 地域 地域／国際地 後
1360460010,鳥取大 工  前
1360460020,鳥取大 工  後
1360460910,鳥取大 工 機械物理系 前
1360460920,鳥取大 工 機械物理系 後
1360461010,鳥取大 工 電気情報系 前
1360461020,鳥取大 工 電気情報系 後
1360461110,鳥取大 工 化学バイオ系 前
1360461120,鳥取大 工 化学バイオ系 後
1360461210,鳥取大 工 社会システム 前
1360461220,鳥取大 工 社会システム 後
1360550010,鳥取大 医  前
1360550020,鳥取大 医  後
1360550111,鳥取大 医 医 前
1360550112,鳥取大 医 医 前
1360550113,鳥取大 医 医 前
1360550114,鳥取大 医 医 前
1360550116,鳥取大 医 医 前
1360550210,鳥取大 医 生命科学 前
1360550220,鳥取大 医 生命科学 後
1360550411,鳥取大 医 保健／看護学 前
1360550412,鳥取大 医 保健／看護学 前
1360550420,鳥取大 医 保健／看護学 後
1360550510,鳥取大 医 保健／検査技 前
1360550520,鳥取大 医 保健／検査技 後
1360720010,鳥取大 農  前
1360720020,鳥取大 農  後
1360720310,鳥取大 農 共同獣医 前
1360720410,鳥取大 農 生命環境農 前
1360720420,鳥取大 農 生命環境農 後
1365030010,島根大 法文  前
1365030020,島根大 法文  後
1365030410,島根大 法文 言語文化 前
1365030420,島根大 法文 言語文化 後
1365030510,島根大 法文 法経 前
1365030520,島根大 法文 法経 後
1365030610,島根大 法文 社会文化 前
1365030620,島根大 法文 社会文化 後
1365300010,島根大 教育  前
1365300020,島根大 教育  後
1365305310,島根大 教育 学校教育Ⅰ類 前
1365305320,島根大 教育 学校教育Ⅰ類 後
1365305410,島根大 教育 学校／音楽科 前
1365305510,島根大 教育 学校／美術科 前
1365305610,島根大 教育 学校／保健体 前
1365370010,島根大 人間科学  前
1365370020,島根大 人間科学  後
1365370110,島根大 人間科学 人間科学 前
1365370120,島根大 人間科学 人間科学 後
1365470010,島根大 総合理工  前
1365470020,島根大 総合理工  後
1365471410,島根大 総合理工 総合理工 前
1365471420,島根大 総合理工 総合理工 後
1365480010,島根大 材料エネ  前
1365480020,島根大 材料エネ  後
1365480110,島根大 材料エネ 材料エネルギ 前
1365480120,島根大 材料エネ 材料エネルギ 後
1365550010,島根大 医  前
1365550020,島根大 医  後
1365550111,島根大 医 医 前
1365550112,島根大 医 医 前
1365550210,島根大 医 看護 前
1365550220,島根大 医 看護 後
1365740010,島根大 生物資源  前
1365740020,島根大 生物資源  後
1365740610,島根大 生物資源 農林生産 前
1365740620,島根大 生物資源 農林生産 後
1365740810,島根大 生物資源 生命科学 前
1365740820,島根大 生物資源 生命科学 後
1365740910,島根大 生物資源 環境共生科学 前
1365740920,島根大 生物資源 環境共生科学 後
1375010010,岡山大 文  前
1375010510,岡山大 文 人文 前
1375120010,岡山大 法  前
1375120110,岡山大 法 法 前
1375180010,岡山大 経済  前
1375180110,岡山大 経済 経済 前
1375300010,岡山大 教育  前
1375301710,岡山大 教育 養護教諭 前
1375302110,岡山大 教育 学校／小学校 前
1375302211,岡山大 教育 学校／中学校 前
1375302212,岡山大 教育 学校／中学校 前
1375302216,岡山大 教育 学校／中学校 前
1375302310,岡山大 教育 学校／特別支 前
1375302410,岡山大 教育 学校／幼児教 前
1375420010,岡山大 理  前
1375420110,岡山大 理 化学 前
1375420210,岡山大 理 数学 前
1375420310,岡山大 理 生物 前
1375420410,岡山大 理 地球科学 前
1375420510,岡山大 理 物理 前
1375460010,岡山大 工  前
1375461510,岡山大 工 工／機械シス 前
1375461610,岡山大 工 工／環境・社 前
1375461710,岡山大 工 工／情電数理 前
1375461810,岡山大 工 工／化学・生 前
1375461910,岡山大 工 工／情報工学 前
1375550010,岡山大 医  前
1375550110,岡山大 医 医 前
1375550311,岡山大 医 保健／看護学 前
1375550312,岡山大 医 保健／看護学 前
1375550410,岡山大 医 保健／放射線 前
1375550510,岡山大 医 保健／検査技 前
1375580010,岡山大 歯  前
1375580110,岡山大 歯 歯 前
1375610010,岡山大 薬  前
1375610110,岡山大 薬 創薬科学 前
1375610310,岡山大 薬 薬 前
1375720010,岡山大 農  前
1375720110,岡山大 農 農 前
1380010010,広島大 文  前
1380010020,広島大 文  後
1380011610,広島大 文 人文 前
1380011620,広島大 文 人文 後
1380120010,広島大 法  前
1380120110,広島大 法 法 前
1380170010,広島大 法夜  前
1380170110,広島大 法夜 法 前
1380180010,広島大 経済  前
1380180020,広島大 経済  後
1380180110,広島大 経済 経済 前
1380180120,広島大 経済 経済 後
1380240010,広島大 経済夜  前
1380240020,広島大 経済夜  後
1380240110,広島大 経済夜 経済 前
1380240120,広島大 経済夜 経済 後
1380300010,広島大 教育  前
1380300020,広島大 教育  後
1380302010,広島大 教育 学校／初等教 前
1380302110,広島大 教育 学校／特別支 前
1380302210,広島大 教育 科学／理科教 前
1380302220,広島大 教育 科学／理科教 後
1380302310,広島大 教育 科学／数学教 前
1380302410,広島大 教育 科学／技術情 前
1380302420,広島大 教育 科学／技術情 後
1380302510,広島大 教育 科学／社会認 前
1380302520,広島大 教育 科学／社会認 後
1380302610,広島大 教育 言語／国語文 前
1380302710,広島大 教育 言語／英語文 前
1380302810,広島大 教育 言語／日本語 前
1380302910,広島大 教育 生涯／健康ス 前
1380302920,広島大 教育 生涯／健康ス 後
1380303010,広島大 教育 生涯／家政教 前
1380303110,広島大 教育 生涯／音楽教 前
1380303210,広島大 教育 生涯／美術教 前
1380303220,広島大 教育 生涯／美術教 後
1380303310,広島大 教育 人間／教育学 前
1380303320,広島大 教育 人間／教育学 後
1380303410,広島大 教育 人間／心理学 前
1380303420,広島大 教育 人間／心理学 後
1380303610,広島大 教育 言語／多文化 前
1380370010,広島大 総合科学  前
1380370020,広島大 総合科学  後
1380370111,広島大 総合科学 総合科学 前
1380370112,広島大 総合科学 総合科学 前
1380370120,広島大 総合科学 総合科学 後
1380370211,広島大 総合科学 国際共創 前
1380370212,広島大 総合科学 国際共創 前
1380380010,広島大 情報科学  前
1380380020,広島大 情報科学  後
1380380111,広島大 情報科学 情報科学 前
1380380112,広島大 情報科学 情報科学 前
1380380120,広島大 情報科学 情報科学 後
1380420010,広島大 理  前
1380420020,広島大 理  後
1380420110,広島大 理 化学 前
1380420120,広島大 理 化学 後
1380420210,広島大 理 数学 前
1380420220,広島大 理 数学 後
1380420310,広島大 理 生物科学 前
1380420410,広島大 理 地球惑星シス 前
1380420420,広島大 理 地球惑星シス 後
1380420710,広島大 理 物理 前
1380420720,広島大 理 物理 後
1380460010,広島大 工  前
1380460020,広島大 工  後
1380460410,広島大 工 建設・環境系 前
1380460420,広島大 工 建設・環境系 後
1380460510,広島大 工 機械・輸送系 前
1380460520,広島大 工 機械・輸送系 後
1380460610,広島大 工 電気・シス系 前
1380460620,広島大 工 電気・シス系 後
1380460710,広島大 工 応用・生物系 前
1380460720,広島大 工 応用・生物系 後
1380460810,広島大 工 工学特別 前
1380550010,広島大 医  前
1380550110,広島大 医 医 前
1380550311,広島大 医 保健／看護学 前
1380550312,広島大 医 保健／看護学 前
1380550411,広島大 医 保健／作業療 前
1380550412,広島大 医 保健／作業療 前
1380550511,広島大 医 保健／理学療 前
1380550512,広島大 医 保健／理学療 前
1380580010,広島大 歯  前
1380580020,広島大 歯  後
1380580110,広島大 歯 歯 前
1380580120,広島大 歯 歯 後
1380580210,広島大 歯 口腔／口腔保 前
1380580220,広島大 歯 口腔／口腔保 後
1380580310,広島大 歯 口腔／口腔工 前
1380580320,広島大 歯 口腔／口腔工 後
1380610010,広島大 薬  前
1380610020,広島大 薬  後
1380610110,広島大 薬 薬 前
1380610210,広島大 薬 薬科学 前
1380610220,広島大 薬 薬科学 後
1380740010,広島大 生物生産  前
1380740110,広島大 生物生産 生物生産 前
1385020010,山口大 人文  前
1385020020,山口大 人文  後
1385020310,山口大 人文 人文 前
1385020320,山口大 人文 人文 後
1385180010,山口大 経済  前
1385180020,山口大 経済  後
1385300010,山口大 教育  前
1385302410,山口大 教育 学校／国語 前
1385302510,山口大 教育 学校／社会科 前
1385302610,山口大 教育 学校／数学 前
1385302710,山口大 教育 学校／理科 前
1385302810,山口大 教育 学校／音楽 前
1385302910,山口大 教育 学校／美術 前
1385303010,山口大 教育 学校／保健体 前
1385303110,山口大 教育 学校／技術 前
1385303210,山口大 教育 学校／家政 前
1385303310,山口大 教育 学校／英語 前
1385303410,山口大 教育 学校／幼児教 前
1385303510,山口大 教育 学校／特別支 前
1385304510,山口大 教育 学校／小学総 前
1385304610,山口大 教育 学校／教育学 前
1385304810,山口大 教育 学校／国際理 前
1385304910,山口大 教育 学校／情報教 前
1385370010,山口大 国際総合  前
1385370020,山口大 国際総合  後
1385370110,山口大 国際総合 国際総合科学 前
1385370120,山口大 国際総合 国際総合科学 後
1385380010,山口大 情報  前
1385380020,山口大 情報  後
1385380111,山口大 情報 情報 前
1385380112,山口大 情報 情報 前
1385380120,山口大 情報 情報 後
1385420010,山口大 理  前
1385420020,山口大 理  後
1385420210,山口大 理 数理科学 前
1385420220,山口大 理 数理科学 後
1385420310,山口大 理 物理・情報科 前
1385420320,山口大 理 物理・情報科 後
1385420610,山口大 理 地球圏システ 前
1385420620,山口大 理 地球圏システ 後
1385420810,山口大 理 化学 前
1385420820,山口大 理 化学 後
1385420910,山口大 理 生物 前
1385420920,山口大 理 生物 後
1385460010,山口大 工  前
1385460020,山口大 工  後
1385460711,山口大 工 建築 前
1385460712,山口大 工 建築 前
1385460720,山口大 工 建築 後
1385460910,山口大 工 創成／機械系 前
1385460920,山口大 工 創成／機械系 後
1385461010,山口大 工 創成／国土環 前
1385461020,山口大 工 創成／国土環 後
1385461110,山口大 工 創成／化学系 前
1385461120,山口大 工 創成／化学系 後
1385461210,山口大 工 創成／電気電 前
1385461220,山口大 工 創成／電気電 後
1385550010,山口大 医  前
1385550020,山口大 医  後
1385550110,山口大 医 医 前
1385550121,山口大 医 医 後
1385550122,山口大 医 医 後
1385550310,山口大 医 保健／看護学 前
1385550320,山口大 医 保健／看護学 後
1385550410,山口大 医 保健／検査技 前
1385550420,山口大 医 保健／検査技 後
1385720010,山口大 農  前
1385720020,山口大 農  後
1385720310,山口大 農 生物資源環境 前
1385720320,山口大 農 生物資源環境 後
1385720410,山口大 農 生物機能科学 前
1385720420,山口大 農 生物機能科学 後
1385740010,山口大 共同獣医  前
1385740020,山口大 共同獣医  後
1385740110,山口大 共同獣医 共同獣医 前
1385740120,山口大 共同獣医 共同獣医 後
1385880010,山口大 ひとまち  前
1385880020,山口大 ひとまち  後
1390370010,徳島大 総合科学  前
1390370020,徳島大 総合科学  後
1390370610,徳島大 総合科学 社会総合科学 前
1390370620,徳島大 総合科学 社会総合科学 後
1390470010,徳島大 理工  前
1390470020,徳島大 理工  後
1390470210,徳島大 理工 理工／社会基 前
1390470220,徳島大 理工 理工／社会基 後
1390470310,徳島大 理工 理工／機械科 前
1390470320,徳島大 理工 理工／機械科 後
1390470410,徳島大 理工 理工／応用化 前
1390470420,徳島大 理工 理工／応用化 後
1390470510,徳島大 理工 理工／電気電 前
1390470520,徳島大 理工 理工／電気電 後
1390471010,徳島大 理工 理工／知能情 前
1390471020,徳島大 理工 理工／知能情 後
1390471110,徳島大 理工 理工／光シス 前
1390471120,徳島大 理工 理工／光シス 後
1390471210,徳島大 理工 理工／数理科 前
1390471220,徳島大 理工 理工／数理科 後
1390471310,徳島大 理工 理工／自然科 前
1390471320,徳島大 理工 理工／自然科 後
1390471410,徳島大 理工 理工／医光医 前
1390530010,徳島大 理工夜  前
1390530210,徳島大 理工夜 理工／社会基 前
1390530310,徳島大 理工夜 理工／機械科 前
1390530510,徳島大 理工夜 理工／電気電 前
1390530610,徳島大 理工夜 理工／知能情 前
1390550010,徳島大 医  前
1390550020,徳島大 医  後
1390550110,徳島大 医 医 前
1390550410,徳島大 医 保健／看護学 前
1390550420,徳島大 医 保健／看護学 後
1390550510,徳島大 医 保健／放射線 前
1390550520,徳島大 医 保健／放射線 後
1390550610,徳島大 医 保健／検査技 前
1390550711,徳島大 医 医科栄養 前
1390550712,徳島大 医 医科栄養 前
1390580010,徳島大 歯  前
1390580020,徳島大 歯  後
1390580110,徳島大 歯 歯 前
1390580120,徳島大 歯 歯 後
1390580210,徳島大 歯 口腔保健 前
1390580220,徳島大 歯 口腔保健 後
1390610010,徳島大 薬  前
1390610020,徳島大 薬  後
1390610210,徳島大 薬 薬 前
1390610220,徳島大 薬 薬 後
1390740010,徳島大 生物資源  前
1390740020,徳島大 生物資源  後
1390740110,徳島大 生物資源 生物資源産業 前
1390740120,徳島大 生物資源 生物資源産業 後
1395310010,鳴門教育大 学校教育  前
1395310020,鳴門教育大 学校教育  後
1395311210,鳴門教育大 学校教育 学校／幼児教 前
1395311310,鳴門教育大 学校教育 学校／小学校 前
1395311320,鳴門教育大 学校教育 学校／小学校 後
1395311410,鳴門教育大 学校教育 学校／特別支 前
1395313710,鳴門教育大 学校教育 学校／国語 前
1395313720,鳴門教育大 学校教育 学校／国語 後
1395313810,鳴門教育大 学校教育 学校／英語 前
1395313820,鳴門教育大 学校教育 学校／英語 後
1395313910,鳴門教育大 学校教育 学校／社会 前
1395313920,鳴門教育大 学校教育 学校／社会 後
1395314010,鳴門教育大 学校教育 学校／算・数 前
1395314020,鳴門教育大 学校教育 学校／算・数 後
1395314110,鳴門教育大 学校教育 学校／理科 前
1395314120,鳴門教育大 学校教育 学校／理科 後
1395314210,鳴門教育大 学校教育 学校／音楽 前
1395314310,鳴門教育大 学校教育 学校／図・美 前
1395314410,鳴門教育大 学校教育 学校／体・保 前
1395314510,鳴門教育大 学校教育 学校／技術 前
1395314610,鳴門教育大 学校教育 学校／家庭 前
1400120010,香川大 法  前
1400120020,香川大 法  後
1400120110,香川大 法 法 前
1400120120,香川大 法 法 後
1400180010,香川大 経済  前
1400180020,香川大 経済  後
1400180110,香川大 経済 経済 前
1400180120,香川大 経済 経済 後
1400300010,香川大 教育  前
1400300020,香川大 教育  後
1400304710,香川大 教育 学校／幼児教 前
1400304810,香川大 教育 学校／小学校 前
1400304820,香川大 教育 学校／小学校 後
1400304911,香川大 教育 学校／中学校 前
1400304912,香川大 教育 学校／中学校 前
1400304913,香川大 教育 学校／中学校 前
1400304920,香川大 教育 学校／中学校 後
1400470010,香川大 創造工  前
1400470020,香川大 創造工  後
1400470111,香川大 創造工 創造工 前
1400470112,香川大 創造工 創造工 前
1400470120,香川大 創造工 創造工 後
1400470210,香川大 創造工 創造／造形メ 前
1400470410,香川大 創造工 創造／防災危 前
1400470510,香川大 創造工 創造／情報 前
1400550010,香川大 医  前
1400550111,香川大 医 医 前
1400550112,香川大 医 医 前
1400550210,香川大 医 看護 前
1400550310,香川大 医 臨床心理 前
1400720010,香川大 農  前
1400720020,香川大 農  後
1400720710,香川大 農 応用生物科学 前
1400720720,香川大 農 応用生物科学 後
1410030010,愛媛大 法文  前
1410030020,愛媛大 法文  後
1410030810,愛媛大 法文 人文社会 前
1410030820,愛媛大 法文 人文社会 後
1410070010,愛媛大 法文夜  前
1410070020,愛媛大 法文夜  後
1410070510,愛媛大 法文夜 人文社会 前
1410070520,愛媛大 法文夜 人文社会 後
1410300010,愛媛大 教育  前
1410300020,愛媛大 教育  後
1410306910,愛媛大 教育 学校／幼年教 前
1410307010,愛媛大 教育 学校／特別支 前
1410307110,愛媛大 教育 学校／小学校 前
1410307210,愛媛大 教育 学校／言語社 前
1410307310,愛媛大 教育 学校／科学教 前
1410307411,愛媛大 教育 学校／生活健 前
1410307412,愛媛大 教育 学校／生活健 前
1410307413,愛媛大 教育 学校／生活健 前
1410307414,愛媛大 教育 学校／生活健 前
1410307520,愛媛大 教育 学校教育 後
1410370010,愛媛大 社会共創  前
1410370110,愛媛大 社会共創 産業マネジメ 前
1410370210,愛媛大 社会共創 産業イノベー 前
1410370310,愛媛大 社会共創 環境デザイン 前
1410370410,愛媛大 社会共創 地域資源マネ 前
1410420010,愛媛大 理  前
1410420020,愛媛大 理  後
1410420911,愛媛大 理 理 前
1410420912,愛媛大 理 理 前
1410420913,愛媛大 理 理 前
1410420914,愛媛大 理 理 前
1410420915,愛媛大 理 理 前
1410420921,愛媛大 理 理 後
1410420922,愛媛大 理 理 後
1410460010,愛媛大 工  前
1410460020,愛媛大 工  後
1410460911,愛媛大 工 工 前
1410460912,愛媛大 工 工 前
1410460920,愛媛大 工 工 後
1410461810,愛媛大 工 工／建築・社 前
1410461820,愛媛大 工 工／建築・社 後
1410461910,愛媛大 工 工／デジタル 前
1410461920,愛媛大 工 工／デジタル 後
1410550010,愛媛大 医  前
1410550110,愛媛大 医 医 前
1410550210,愛媛大 医 看護 前
1410720010,愛媛大 農  前
1410720020,愛媛大 農  後
1410720410,愛媛大 農 食料生産 前
1410720420,愛媛大 農 食料生産 後
1410720510,愛媛大 農 生命機能 前
1410720520,愛媛大 農 生命機能 後
1410720610,愛媛大 農 生物環境 前
1410720620,愛媛大 農 生物環境 後
1415210010,高知大 地域協働  前
1415210110,高知大 地域協働 地域協働 前
1415270010,高知大 人文社会  前
1415270020,高知大 人文社会  後
1415270110,高知大 人文社会 人文／人文科 前
1415270120,高知大 人文社会 人文／人文科 後
1415270210,高知大 人文社会 人文／国際社 前
1415270220,高知大 人文社会 人文／国際社 後
1415270311,高知大 人文社会 人文／社会科 前
1415270312,高知大 人文社会 人文／社会科 前
1415300010,高知大 教育  前
1415302410,高知大 教育 学校／科学技 前
1415302510,高知大 教育 学校／幼児教 前
1415303110,高知大 教育 学校／保健体 前
1415303210,高知大 教育 学校／科教支 前
1415303510,高知大 教育 学校／音・美 前
1415470010,高知大 理工  前
1415470020,高知大 理工  後
1415470111,高知大 理工 数学物理 前
1415470112,高知大 理工 数学物理 前
1415470120,高知大 理工 数学物理 後
1415470211,高知大 理工 情報科学 前
1415470212,高知大 理工 情報科学 前
1415470220,高知大 理工 情報科学 後
1415470310,高知大 理工 生物科学 前
1415470320,高知大 理工 生物科学 後
1415470410,高知大 理工 化学生命理工 前
1415470420,高知大 理工 化学生命理工 後
1415470510,高知大 理工 地球環境防災 前
1415470520,高知大 理工 地球環境防災 後
1415550010,高知大 医  前
1415550020,高知大 医  後
1415550111,高知大 医 医 前
1415550112,高知大 医 医 前
1415550210,高知大 医 看護 前
1415550220,高知大 医 看護 後
1415740010,高知大 農林海洋  前
1415740020,高知大 農林海洋  後
1415740310,高知大 農林海洋 海洋／生物生 前
1415740410,高知大 農林海洋 海洋／海底資 前
1415740510,高知大 農林海洋 海洋／生命科 前
1415740620,高知大 農林海洋 海洋資源科学 後
1415741110,高知大 農林海洋 農林／フィー 前
1415741120,高知大 農林海洋 農林／フィー 後
1415741210,高知大 農林海洋 農林／農芸化 前
1415741220,高知大 農林海洋 農林／農芸化 後
1425010010,九州大 文  前
1425010020,九州大 文  後
1425010510,九州大 文 人文 前
1425010520,九州大 文 人文 後
1425120010,九州大 法  前
1425120020,九州大 法  後
1425180010,九州大 経済  前
1425180020,九州大 経済  後
1425180110,九州大 経済 経済・経営 前
1425180120,九州大 経済 経済・経営 後
1425180210,九州大 経済 経済工 前
1425180220,九州大 経済 経済工 後
1425300010,九州大 教育  前
1425370010,九州大 共創  前
1425370110,九州大 共創 共創 前
1425420010,九州大 理  前
1425420020,九州大 理  後
1425420110,九州大 理 化学 前
1425420120,九州大 理 化学 後
1425420210,九州大 理 数学 前
1425420310,九州大 理 生物 前
1425420320,九州大 理 生物 後
1425420410,九州大 理 地球惑星科学 前
1425420420,九州大 理 地球惑星科学 後
1425420510,九州大 理 物理 前
1425420520,九州大 理 物理 後
1425460010,九州大 工  前
1425460020,九州大 工  後
1425461810,九州大 工 Ⅰ群 前
1425461820,九州大 工 Ⅰ群 後
1425462010,九州大 工 Ⅱ群 前
1425462020,九州大 工 Ⅱ群 後
1425462510,九州大 工 Ⅲ群 前
1425462520,九州大 工 Ⅲ群 後
1425462910,九州大 工 Ⅳ群 前
1425462920,九州大 工 Ⅳ群 後
1425463310,九州大 工 Ⅴ群 前
1425463510,九州大 工 Ⅵ群 前
1425463520,九州大 工 Ⅵ群 後
1425470010,九州大 芸術工  前
1425470610,九州大 芸術工 芸術工 前
1425470710,九州大 芸術工 芸術／環境設 前
1425470810,九州大 芸術工 芸術／インダ 前
1425470910,九州大 芸術工 芸術／未来構 前
1425471010,九州大 芸術工 芸術／メディ 前
1425471110,九州大 芸術工 芸術／音響設 前
1425550010,九州大 医  前
1425550110,九州大 医 医 前
1425550310,九州大 医 保健／看護学 前
1425550410,九州大 医 保健／放射線 前
1425550510,九州大 医 保健／検査技 前
1425550610,九州大 医 生命科学 前
1425580010,九州大 歯  前
1425580110,九州大 歯 歯 前
1425610010,九州大 薬  前
1425610020,九州大 薬  後
1425610310,九州大 薬 臨床薬 前
1425610320,九州大 薬 臨床薬 後
1425610410,九州大 薬 創薬科学 前
1425610420,九州大 薬 創薬科学 後
1425720010,九州大 農  前
1425720020,九州大 農  後
1425721010,九州大 農 生物資源環境 前
1425721020,九州大 農 生物資源環境 後
1435460010,九州工大 工  前
1435460020,九州工大 工  後
1435461510,九州工大 工 建設社会類 前
1435461520,九州工大 工 建設社会類 後
1435461610,九州工大 工 機械類 前
1435461620,九州工大 工 機械類 後
1435461710,九州工大 工 電気類 前
1435461720,九州工大 工 電気類 後
1435461810,九州工大 工 物質理工学類 前
1435461820,九州工大 工 物質理工学類 後
1435461910,九州工大 工 総合類 前
1435461920,九州工大 工 総合類 後
1435470010,九州工大 情報工  前
1435470020,九州工大 情報工  後
1435470910,九州工大 情報工 知能情報類 前
1435470920,九州工大 情報工 知能情報類 後
1435471010,九州工大 情報工 電子情報通信 前
1435471020,九州工大 情報工 電子情報通信 後
1435471110,九州工大 情報工 知的システム 前
1435471120,九州工大 情報工 知的システム 後
1435471210,九州工大 情報工 生命情報類 前
1435471220,九州工大 情報工 生命情報類 後
1440300010,福岡教育大 教育  前
1440300020,福岡教育大 教育  後
1440302810,福岡教育大 教育 特別／初等教 前
1440302820,福岡教育大 教育 特別／初等教 後
1440302910,福岡教育大 教育 特別／中等教 前
1440302920,福岡教育大 教育 特別／中等教 後
1440303010,福岡教育大 教育 初等／幼児教 前
1440303110,福岡教育大 教育 初等／小学校 前
1440303120,福岡教育大 教育 初等／小学校 後
1440303211,福岡教育大 教育 初等／人文社 前
1440303212,福岡教育大 教育 初等／人文社 前
1440303213,福岡教育大 教育 初等／人文社 前
1440303220,福岡教育大 教育 初等／人文社 後
1440303311,福岡教育大 教育 初等／理数教 前
1440303312,福岡教育大 教育 初等／理数教 前
1440303320,福岡教育大 教育 初等／理数教 後
1440303411,福岡教育大 教育 初等／芸術実 前
1440303412,福岡教育大 教育 初等／芸術実 前
1440303413,福岡教育大 教育 初等／芸術実 前
1440303414,福岡教育大 教育 初等／芸術実 前
1440303415,福岡教育大 教育 初等／芸術実 前
1440303510,福岡教育大 教育 中等／国語 前
1440303610,福岡教育大 教育 中等／社会科 前
1440303710,福岡教育大 教育 中等／数学 前
1440303720,福岡教育大 教育 中等／数学 後
1440303810,福岡教育大 教育 中等／理科 前
1440303820,福岡教育大 教育 中等／理科 後
1440303910,福岡教育大 教育 中等／英語 前
1440304010,福岡教育大 教育 中等／音楽 前
1440304110,福岡教育大 教育 中等／美術 前
1440305810,福岡教育大 教育 中等／保健体 前
1440305910,福岡教育大 教育 中等／家庭 前
1440306010,福岡教育大 教育 中等／技術 前
1440306110,福岡教育大 教育 中等／書道 前
1445180010,佐賀大 経済  前
1445180020,佐賀大 経済  後
1445180610,佐賀大 経済 経済 前
1445180620,佐賀大 経済 経済 後
1445180710,佐賀大 経済 経営 前
1445180720,佐賀大 経済 経営 後
1445180810,佐賀大 経済 経済法 前
1445180820,佐賀大 経済 経済法 後
1445300010,佐賀大 教育  前
1445300020,佐賀大 教育  後
1445300110,佐賀大 教育 共同／教育支 前
1445300120,佐賀大 教育 共同／教育支 後
1445300210,佐賀大 教育 共同／小学校 前
1445300220,佐賀大 教育 共同／小学校 後
1445300310,佐賀大 教育 共同／中学校 前
1445300320,佐賀大 教育 共同／中学校 後
1445470010,佐賀大 理工  前
1445470020,佐賀大 理工  後
1445471710,佐賀大 理工 理工／数理 前
1445471720,佐賀大 理工 理工／数理 後
1445471910,佐賀大 理工 理工／化学 前
1445471920,佐賀大 理工 理工／化学 後
1445472010,佐賀大 理工 理工／物理学 前
1445472020,佐賀大 理工 理工／物理学 後
1445472110,佐賀大 理工 理工／機械工 前
1445472120,佐賀大 理工 理工／機械工 後
1445472210,佐賀大 理工 理工／電気電 前
1445472220,佐賀大 理工 理工／電気電 後
1445472310,佐賀大 理工 理工／都市工 前
1445472320,佐賀大 理工 理工／都市工 後
1445472510,佐賀大 理工 理工／情報 前
1445472520,佐賀大 理工 理工／情報 後
1445472610,佐賀大 理工 理工／一括枠 前
1445472620,佐賀大 理工 理工／一括枠 後
1445550010,佐賀大 医  前
1445550020,佐賀大 医  後
1445550110,佐賀大 医 医 前
1445550210,佐賀大 医 看護 前
1445550220,佐賀大 医 看護 後
1445720010,佐賀大 農  前
1445720020,佐賀大 農  後
1445720510,佐賀大 農 生物資源科学 前
1445720520,佐賀大 農 生物資源科学 後
1445830010,佐賀大 芸術地域  前
1445830020,佐賀大 芸術地域  後
1445830111,佐賀大 芸術地域 芸術／芸術表 前
1445830112,佐賀大 芸術地域 芸術／芸術表 前
1445830120,佐賀大 芸術地域 芸術／芸術表 後
1445830210,佐賀大 芸術地域 芸術／地域デ 前
1445830220,佐賀大 芸術地域 芸術／地域デ 後
1445880010,佐賀大 コスメテ  前
1445880020,佐賀大 コスメテ  後
1455030010,長崎大 多文化社  前
1455030110,長崎大 多文化社 多文化社会 前
1455030210,長崎大 多文化社 多文／オラン 前
1455180010,長崎大 経済  前
1455180020,長崎大 経済  後
1455180410,長崎大 経済 総合経済 前
1455180420,長崎大 経済 総合経済 後
1455300010,長崎大 教育  前
1455302210,長崎大 教育 学校／小学校 前
1455302310,長崎大 教育 学校／特別支 前
1455303910,長崎大 教育 学校／幼児教 前
1455304210,長崎大 教育 学校／文系 前
1455304310,長崎大 教育 学校／理系 前
1455304410,長崎大 教育 学校／実技系 前
1455370010,長崎大 環境科学  前
1455370020,長崎大 環境科学  後
1455370111,長崎大 環境科学 環境科学 前
1455370112,長崎大 環境科学 環境科学 前
1455370121,長崎大 環境科学 環境科学 後
1455370122,長崎大 環境科学 環境科学 後
1455380010,長崎大 情報デー  前
1455380020,長崎大 情報デー  後
1455380111,長崎大 情報デー 情報データ科 前
1455380112,長崎大 情報デー 情報データ科 前
1455380121,長崎大 情報デー 情報データ科 後
1455380122,長崎大 情報デー 情報データ科 後
1455460010,長崎大 工  前
1455460020,長崎大 工  後
1455462511,長崎大 工 工 前
1455462512,長崎大 工 工 前
1455462520,長崎大 工 工 後
1455550010,長崎大 医  前
1455550110,長崎大 医 医 前
1455550310,長崎大 医 保健／看護学 前
1455550410,長崎大 医 保健／理学療 前
1455550510,長崎大 医 保健／作業療 前
1455580010,長崎大 歯  前
1455580110,長崎大 歯 歯 前
1455610010,長崎大 薬  前
1455610110,長崎大 薬 薬 前
1455610210,長崎大 薬 薬科学 前
1455730010,長崎大 水産  前
1455730020,長崎大 水産  後
1455730110,長崎大 水産 水産 前
1455730120,長崎大 水産 水産 後
1460010010,熊本大 文  前
1460010020,熊本大 文  後
1460010710,熊本大 文 人文科学 前
1460010720,熊本大 文 人文科学 後
1460120010,熊本大 法  前
1460120020,熊本大 法  後
1460120210,熊本大 法 法 前
1460120220,熊本大 法 法 後
1460300010,熊本大 教育  前
1460301410,熊本大 教育 養護教諭 前
1460301710,熊本大 教育 共同／小学校 前
1460301810,熊本大 教育 共同／国語 前
1460301910,熊本大 教育 共同／社会 前
1460302010,熊本大 教育 共同／数学 前
1460302110,熊本大 教育 共同／理科 前
1460302210,熊本大 教育 共同／英語 前
1460302810,熊本大 教育 共同／保体 前
1460303110,熊本大 教育 共同／発達支 前
1460303210,熊本大 教育 共同／特別支 前
1460370010,熊本大 情報融合  前
1460370011,熊本大 情報融合  前
1460370012,熊本大 情報融合  前
1460420010,熊本大 理  前
1460420020,熊本大 理  後
1460420710,熊本大 理 理 前
1460420720,熊本大 理 理 後
1460460010,熊本大 工  前
1460460020,熊本大 工  後
1460461710,熊本大 工 土木建築 前
1460461720,熊本大 工 土木建築 後
1460461810,熊本大 工 機械数理工 前
1460461820,熊本大 工 機械数理工 後
1460461910,熊本大 工 情報電気工 前
1460461920,熊本大 工 情報電気工 後
1460462010,熊本大 工 材料・応用化 前
1460462020,熊本大 工 材料・応用化 後
1460462110,熊本大 工 半導体デバイ 前
1460550010,熊本大 医  前
1460550110,熊本大 医 医 前
1460550310,熊本大 医 保健／看護学 前
1460550410,熊本大 医 保健／放射線 前
1460550510,熊本大 医 保健／検査技 前
1460610010,熊本大 薬  前
1460610110,熊本大 薬 薬 前
1460610210,熊本大 薬 創薬・生命薬 前
1460880010,熊本大 共創学環  前
1460880011,熊本大 共創学環  前
1460880012,熊本大 共創学環  前
1465180010,大分大 経済  前
1465180020,大分大 経済  後
1465180410,大分大 経済 総合経済 前
1465180420,大分大 経済 総合経済 後
1465300010,大分大 教育  前
1465300020,大分大 教育  後
1465300110,大分大 教育 学校／初等中 前
1465300120,大分大 教育 学校／初等中 後
1465300210,大分大 教育 学校／特別支 前
1465300220,大分大 教育 学校／特別支 後
1465470010,大分大 理工  前
1465470020,大分大 理工  後
1465470910,大分大 理工 理工／数理科 前
1465471010,大分大 理工 理工／知能情 前
1465471020,大分大 理工 理工／知能情 後
1465471110,大分大 理工 理工／物理学 前
1465471210,大分大 理工 理工／電気エ 前
1465471220,大分大 理工 理工／電気エ 後
1465471310,大分大 理工 理工／機械工 前
1465471320,大分大 理工 理工／機械工 後
1465471410,大分大 理工 理工／知能機 前
1465471420,大分大 理工 理工／知能機 後
1465471510,大分大 理工 理工／生命物 前
1465471520,大分大 理工 理工／生命物 後
1465471610,大分大 理工 理工／地域環 前
1465471710,大分大 理工 理工／建築学 前
1465471720,大分大 理工 理工／建築学 後
1465471810,大分大 理工 理工／ＤＸ人 前
1465471820,大分大 理工 理工／ＤＸ人 後
1465550010,大分大 医  前
1465550020,大分大 医  後
1465550111,大分大 医 医 前
1465550112,大分大 医 医 前
1465550210,大分大 医 看護 前
1465550220,大分大 医 看護 後
1465550310,大分大 医 先進／生命健 前
1465550320,大分大 医 先進／生命健 後
1465550410,大分大 医 先進／臨床医 前
1465550420,大分大 医 先進／臨床医 後
1465640010,大分大 福祉健康  前
1465640020,大分大 福祉健康  後
1465640110,大分大 福祉健康 福祉／理学療 前
1465640120,大分大 福祉健康 福祉／理学療 後
1465640210,大分大 福祉健康 福祉／社会福 前
1465640220,大分大 福祉健康 福祉／社会福 後
1465640310,大分大 福祉健康 福祉／心理学 前
1475300010,宮崎大 教育  前
1475300020,宮崎大 教育  後
1475301311,宮崎大 教育 学校／小学校 前
1475301312,宮崎大 教育 学校／小学校 前
1475301320,宮崎大 教育 学校／小学校 後
1475301410,宮崎大 教育 学校／教職実 前
1475301510,宮崎大 教育 学校／子ども 前
1475301610,宮崎大 教育 学校／特別支 前
1475301716,宮崎大 教育 学校／中学校 前
1475301717,宮崎大 教育 学校／中学校 前
1475370010,宮崎大 地域資源  前
1475370020,宮崎大 地域資源  後
1475370110,宮崎大 地域資源 地域資源創成 前
1475370120,宮崎大 地域資源 地域資源創成 後
1475460010,宮崎大 工  前
1475460020,宮崎大 工  後
1475461410,宮崎大 工 工 前
1475461420,宮崎大 工 工 後
1475550010,宮崎大 医  前
1475550020,宮崎大 医  後
1475550110,宮崎大 医 医 前
1475550120,宮崎大 医 医 後
1475550210,宮崎大 医 看護 前
1475720010,宮崎大 農  前
1475720020,宮崎大 農  後
1475720110,宮崎大 農 獣医 前
1475720120,宮崎大 農 獣医 後
1475721710,宮崎大 農 農 前
1475721720,宮崎大 農 農 後
1485030010,鹿児島大 法文  前
1485030020,鹿児島大 法文  後
1485030410,鹿児島大 法文 人文／多元地 前
1485030420,鹿児島大 法文 人文／多元地 後
1485030510,鹿児島大 法文 人文／心理学 前
1485030710,鹿児島大 法文 法経／法学 前
1485030720,鹿児島大 法文 法経／法学 後
1485030810,鹿児島大 法文 法経／地・経 前
1485030820,鹿児島大 法文 法経／地・経 後
1485300010,鹿児島大 教育  前
1485300020,鹿児島大 教育  後
1485305511,鹿児島大 教育 学校／初一般 前
1485305512,鹿児島大 教育 学校／初一般 前
1485305521,鹿児島大 教育 学校／初一般 後
1485305522,鹿児島大 教育 学校／初一般 後
1485305810,鹿児島大 教育 学校／中国語 前
1485305910,鹿児島大 教育 学校／中社会 前
1485306010,鹿児島大 教育 学校／中英語 前
1485306110,鹿児島大 教育 学校／中数学 前
1485306210,鹿児島大 教育 学校／中理科 前
1485306310,鹿児島大 教育 学校／中技術 前
1485306410,鹿児島大 教育 学校／中家政 前
1485306510,鹿児島大 教育 学校／中音楽 前
1485306610,鹿児島大 教育 学校／中美術 前
1485306710,鹿児島大 教育 学校／中保体 前
1485306811,鹿児島大 教育 学校／特別支 前
1485306812,鹿児島大 教育 学校／特別支 前
1485306821,鹿児島大 教育 学校／特別支 後
1485306822,鹿児島大 教育 学校／特別支 後
1485420010,鹿児島大 理  前
1485420020,鹿児島大 理  後
1485420820,鹿児島大 理 理 後
1485420910,鹿児島大 理 理／数理情報 前
1485421010,鹿児島大 理 理／物理・宇 前
1485421110,鹿児島大 理 理／化学プロ 前
1485421210,鹿児島大 理 理／生物学プ 前
1485421310,鹿児島大 理 理／地球科学 前
1485460010,鹿児島大 工  前
1485460020,鹿児島大 工  後
1485460410,鹿児島大 工 建築 前
1485460420,鹿児島大 工 建築 後
1485461110,鹿児島大 工 先進／機械工 前
1485461120,鹿児島大 工 先進／機械工 後
1485461210,鹿児島大 工 先進／電気電 前
1485461220,鹿児島大 工 先進／電気電 後
1485461310,鹿児島大 工 先進／海洋土 前
1485461320,鹿児島大 工 先進／海洋土 後
1485461410,鹿児島大 工 先進／化学工 前
1485461420,鹿児島大 工 先進／化学工 後
1485461510,鹿児島大 工 先進／化学生 前
1485461520,鹿児島大 工 先進／化学生 後
1485461610,鹿児島大 工 先進／情報生 前
1485461620,鹿児島大 工 先進／情報生 後
1485461710,鹿児島大 工 先進工 前
1485550010,鹿児島大 医  前
1485550020,鹿児島大 医  後
1485550110,鹿児島大 医 医 前
1485550120,鹿児島大 医 医 後
1485550311,鹿児島大 医 保健／看護学 前
1485550312,鹿児島大 医 保健／看護学 前
1485550410,鹿児島大 医 保健／理学療 前
1485550420,鹿児島大 医 保健／理学療 後
1485550510,鹿児島大 医 保健／作業療 前
1485550520,鹿児島大 医 保健／作業療 後
1485580010,鹿児島大 歯  前
1485580020,鹿児島大 歯  後
1485580110,鹿児島大 歯 歯 前
1485580120,鹿児島大 歯 歯 後
1485720010,鹿児島大 農  前
1485720020,鹿児島大 農  後
1485720510,鹿児島大 農 国際食料資源 前
1485720910,鹿児島大 農 農 前
1485720920,鹿児島大 農 農 後
1485730010,鹿児島大 水産  前
1485730020,鹿児島大 水産  後
1485730310,鹿児島大 水産 水産 前
1485730320,鹿児島大 水産 水産 後
1485730810,鹿児島大 水産 国際食料資源 前
1485740010,鹿児島大 共同獣医  前
1485740020,鹿児島大 共同獣医  後
1485740111,鹿児島大 共同獣医 共同獣医 前
1485740112,鹿児島大 共同獣医 共同獣医 前
1485740120,鹿児島大 共同獣医 共同獣医 後
1485740210,鹿児島大 共同獣医 畜産 前
1485740220,鹿児島大 共同獣医 畜産 後
1490640010,鹿屋体育大 体育  前
1490640110,鹿屋体育大 体育 スポーツ総合 前
1490640210,鹿屋体育大 体育 武道 前
1495280010,琉球大 人文社会  前
1495280020,琉球大 人文社会  後
1495280110,琉球大 人文社会 国際法政 前
1495280120,琉球大 人文社会 国際法政 後
1495280210,琉球大 人文社会 人間社会 前
1495280220,琉球大 人文社会 人間社会 後
1495280310,琉球大 人文社会 琉球アジア文 前
1495280320,琉球大 人文社会 琉球アジア文 後
1495300010,琉球大 教育  前
1495302910,琉球大 教育 学校／特別支 前
1495305910,琉球大 教育 学校／国語 前
1495306010,琉球大 教育 学校／社会科 前
1495306110,琉球大 教育 学校／数学 前
1495306210,琉球大 教育 学校／理科 前
1495306310,琉球大 教育 学校／音楽 前
1495306410,琉球大 教育 学校／美術 前
1495306510,琉球大 教育 学校／保健体 前
1495306610,琉球大 教育 学校／技術 前
1495306710,琉球大 教育 学校／生活科 前
1495306810,琉球大 教育 学校／英語 前
1495306910,琉球大 教育 学校／学校教 前
1495330010,琉球大 国際地域  前
1495330020,琉球大 国際地域  後
1495330111,琉球大 国際地域 国際地域創造 前
1495330112,琉球大 国際地域 国際地域創造 前
1495330113,琉球大 国際地域 国際地域創造 前
1495330121,琉球大 国際地域 国際地域創造 後
1495330122,琉球大 国際地域 国際地域創造 後
1495360010,琉球大 国際地夜  前
1495360020,琉球大 国際地夜  後
1495360111,琉球大 国際地夜 国際地域創造 前
1495360112,琉球大 国際地夜 国際地域創造 前
1495360121,琉球大 国際地夜 国際地域創造 後
1495360122,琉球大 国際地夜 国際地域創造 後
1495420010,琉球大 理  前
1495420020,琉球大 理  後
1495420310,琉球大 理 数理科学 前
1495420320,琉球大 理 数理科学 後
1495420610,琉球大 理 海洋／化学系 前
1495420620,琉球大 理 海洋／化学系 後
1495420910,琉球大 理 海洋／生物系 前
1495420920,琉球大 理 海洋／生物系 後
1495421010,琉球大 理 物質／物理系 前
1495421020,琉球大 理 物質／物理系 後
1495421110,琉球大 理 物質／地球環 前
1495421120,琉球大 理 物質／地球環 後
1495460010,琉球大 工  前
1495460020,琉球大 工  後
1495460710,琉球大 工 工 前
1495460720,琉球大 工 工 後
1495550010,琉球大 医  前
1495550020,琉球大 医  後
1495550110,琉球大 医 医 前
1495550120,琉球大 医 医 後
1495550210,琉球大 医 保健 前
1495550220,琉球大 医 保健 後
1495720010,琉球大 農  前
1495720020,琉球大 農  後
1495720410,琉球大 農 亜熱帯地域農 前
1495720420,琉球大 農 亜熱帯地域農 後
1495720510,琉球大 農 亜熱帯農林環 前
1495720520,琉球大 農 亜熱帯農林環 後
1495720610,琉球大 農 地域農業工 前
1495720620,琉球大 農 地域農業工 後
1495720710,琉球大 農 亜熱帯生物資 前
1495720720,琉球大 農 亜熱帯生物資 後
1495720810,琉球大 農 亜熱／健康栄 前
2003370010,はこだて未来大 システム  前
2003370020,はこだて未来大 システム  後
2004640010,札幌市立大 看護  前
2004640110,札幌市立大 看護 看護 前
2004830010,札幌市立大 デザイン  前
2004830110,札幌市立大 デザイン デザイン 前
2005180010,釧路公立大 経済  前
2005180050,釧路公立大 経済  中
2006640010,名寄市立大 保健福祉  前
2006640020,名寄市立大 保健福祉  後
2006640110,名寄市立大 保健福祉 看護 前
2006640120,名寄市立大 保健福祉 看護 後
2006640210,名寄市立大 保健福祉 栄養 前
2006640220,名寄市立大 保健福祉 栄養 後
2006640310,名寄市立大 保健福祉 社会福祉 前
2006640320,名寄市立大 保健福祉 社会福祉 後
2006640410,名寄市立大 保健福祉 社会保育 前
2006640420,名寄市立大 保健福祉 社会保育 後
2007470010,千歳科学技大 理工  前
2007470050,千歳科学技大 理工  中
2008180010,旭川市立大 経済  前
2008180020,旭川市立大 経済  後
2008180110,旭川市立大 経済 経営経済 前
2008180120,旭川市立大 経済 経営経済 後
2008210010,旭川市立大 地域創造  前
2008210020,旭川市立大 地域創造  後
2008210110,旭川市立大 地域創造 地域創造 前
2008210120,旭川市立大 地域創造 地域創造 後
2008640010,旭川市立大 保健福祉  前
2008640050,旭川市立大 保健福祉  中
2008640110,旭川市立大 保健福祉 コミュニティ 前
2008640150,旭川市立大 保健福祉 コミュニティ 中
2008640210,旭川市立大 保健福祉 保健看護 前
2008640250,旭川市立大 保健福祉 保健看護 中
2010550010,札幌医大 医  前
2010550111,札幌医大 医 医 前
2010550112,札幌医大 医 医 前
2010640010,札幌医大 保健医療  前
2010640110,札幌医大 保健医療 看護 前
2010640210,札幌医大 保健医療 作業療法 前
2010640310,札幌医大 保健医療 理学療法 前
2013640010,青森県立保健大 健康科学  前
2013640020,青森県立保健大 健康科学  後
2013640110,青森県立保健大 健康科学 看護 前
2013640120,青森県立保健大 健康科学 看護 後
2013640210,青森県立保健大 健康科学 理学療法 前
2013640220,青森県立保健大 健康科学 理学療法 後
2013640310,青森県立保健大 健康科学 社会福祉 前
2013640320,青森県立保健大 健康科学 社会福祉 後
2013640410,青森県立保健大 健康科学 栄養 前
2013640420,青森県立保健大 健康科学 栄養 後
2015210010,青森公立大 経営経済  前
2015210020,青森公立大 経営経済  後
2015210211,青森公立大 経営経済 経営 前
2015210212,青森公立大 経営経済 経営 前
2015210220,青森公立大 経営経済 経営 後
2015210311,青森公立大 経営経済 経済 前
2015210312,青森公立大 経営経済 経済 前
2015210320,青森公立大 経営経済 経済 後
2015210411,青森公立大 経営経済 地域みらい 前
2015210412,青森公立大 経営経済 地域みらい 前
2018130010,岩手県立大 総合政策  前
2018130020,岩手県立大 総合政策  後
2018130110,岩手県立大 総合政策 総合政策 前
2018130120,岩手県立大 総合政策 総合政策 後
2018260010,岩手県立大 社会福祉  前
2018260020,岩手県立大 社会福祉  後
2018470010,岩手県立大 ソフトウ  前
2018470050,岩手県立大 ソフトウ  中
2018470110,岩手県立大 ソフトウ ソフトウェア 前
2018470150,岩手県立大 ソフトウ ソフトウェア 中
2018640010,岩手県立大 看護  前
2018640020,岩手県立大 看護  後
2018640110,岩手県立大 看護 看護 前
2018640120,岩手県立大 看護 看護 後
2023220010,宮城大 事業構想  前
2023220020,宮城大 事業構想  後
2023650010,宮城大 看護  前
2023650020,宮城大 看護  後
2023650110,宮城大 看護 看護学類 前
2023650120,宮城大 看護 看護学類 後
2023750010,宮城大 食産業  前
2023750020,宮城大 食産業  後
2028470010,秋田県立大 システム  前
2028470020,秋田県立大 システム  後
2028470310,秋田県立大 システム 建築環境シス 前
2028470320,秋田県立大 システム 建築環境シス 後
2028470410,秋田県立大 システム 経営シス工 前
2028470420,秋田県立大 システム 経営シス工 後
2028470510,秋田県立大 システム 機械工 前
2028470520,秋田県立大 システム 機械工 後
2028470610,秋田県立大 システム 知能メカトロ 前
2028470620,秋田県立大 システム 知能メカトロ 後
2028470710,秋田県立大 システム 情報工 前
2028470720,秋田県立大 システム 情報工 後
2028740010,秋田県立大 生物資源  前
2028740020,秋田県立大 生物資源  後
2028740110,秋田県立大 生物資源 応用生物科学 前
2028740120,秋田県立大 生物資源 応用生物科学 後
2028740210,秋田県立大 生物資源 生物生産科学 前
2028740220,秋田県立大 生物資源 生物生産科学 後
2028740310,秋田県立大 生物資源 生物環境科学 前
2028740320,秋田県立大 生物資源 生物環境科学 後
2028740410,秋田県立大 生物資源 アグリビジネ 前
2028740420,秋田県立大 生物資源 アグリビジネ 後
2029830010,秋田公立美大 美術  前
2029830050,秋田公立美大 美術  中
2029830110,秋田公立美大 美術 美術 前
2029830150,秋田公立美大 美術 美術 中
2030370060,国際教養大 国際教養  独
2030370161,国際教養大 国際教養 国際教養 独
2030370162,国際教養大 国際教養 国際教養 独
2030370163,国際教養大 国際教養 国際教養 独
2033640010,山形県米沢栄大 健康栄養  前
2033640020,山形県米沢栄大 健康栄養  後
2033640110,山形県米沢栄大 健康栄養 健康栄養 前
2033640120,山形県米沢栄大 健康栄養 健康栄養 後
2034740010,東北農林職大 農林業経  前
2034740110,東北農林職大 農林業経 農業経営 前
2034740210,東北農林職大 農林業経 森林業経営 前
2035640010,山形保健医療大 保健医療  前
2035640110,山形保健医療大 保健医療 看護 前
2035640210,山形保健医療大 保健医療 理学療法 前
2035640310,山形保健医療大 保健医療 作業療法 前
2040470010,会津大 コン理工  前
2040470311,会津大 コン理工 コンピュータ 前
2040470312,会津大 コン理工 コンピュータ 前
2045550010,福島県立医大 医  前
2045550111,福島県立医大 医 医 前
2045550112,福島県立医大 医 医 前
2045640010,福島県立医大 看護  前
2045640020,福島県立医大 看護  後
2045640110,福島県立医大 看護 看護 前
2045640120,福島県立医大 看護 看護 後
2045650010,福島県立医大 保健科学  前
2045650110,福島県立医大 保健科学 理学療法 前
2045650210,福島県立医大 保健科学 作業療法 前
2045650310,福島県立医大 保健科学 診療放射線科 前
2045650410,福島県立医大 保健科学 臨床検査 前
2050640010,茨城県立医療大 保健医療  前
2050640110,茨城県立医療大 保健医療 看護 前
2050640210,茨城県立医療大 保健医療 作業療法 前
2050640310,茨城県立医療大 保健医療 放射線技術科 前
2050640410,茨城県立医療大 保健医療 理学療法 前
2058460010,前橋工科大 工  前
2058460050,前橋工科大 工  中
2058460710,前橋工科大 工 建築／建築都 前
2058460750,前橋工科大 工 建築／建築都 中
2058460810,前橋工科大 工 建築／土木環 前
2058460850,前橋工科大 工 建築／土木環 中
2058460910,前橋工科大 工 建築／工学デ 前
2058460950,前橋工科大 工 建築／工学デ 中
2058461010,前橋工科大 工 情報／情報シ 前
2058461050,前橋工科大 工 情報／情報シ 中
2058461110,前橋工科大 工 情報／医工学 前
2058461150,前橋工科大 工 情報／医工学 中
2058461210,前橋工科大 工 情報／生物応 前
2058461250,前橋工科大 工 情報／生物応 中
2059640010,群馬健康科学大 看護  前
2059640110,群馬健康科学大 看護 看護 前
2059650010,群馬健康科学大 診療放射  前
2059650110,群馬健康科学大 診療放射 診療放射線 前
2060010010,群馬県立女子大 文  前
2060010020,群馬県立女子大 文  後
2060010110,群馬県立女子大 文 英米文化 前
2060010120,群馬県立女子大 文 英米文化 後
2060010210,群馬県立女子大 文 国文 前
2060010220,群馬県立女子大 文 国文 後
2060010310,群馬県立女子大 文 美学美術史 前
2060010320,群馬県立女子大 文 美学美術史 後
2060010510,群馬県立女子大 文 文化情報 前
2060010520,群馬県立女子大 文 文化情報 後
2060370010,群馬県立女子大 国際コミ  前
2060370020,群馬県立女子大 国際コミ  後
2065130010,高崎経大 地域政策  前
2065130011,高崎経大 地域政策  前
2065130012,高崎経大 地域政策  前
2065130020,高崎経大 地域政策  後
2065130021,高崎経大 地域政策  後
2065130022,高崎経大 地域政策  後
2065180010,高崎経大 経済  前
2065180050,高崎経大 経済  中
2070640010,埼玉県立大 保健医療  前
2070640110,埼玉県立大 保健医療 看護 前
2070640210,埼玉県立大 保健医療 理学療法 前
2070640310,埼玉県立大 保健医療 作業療法 前
2070640510,埼玉県立大 保健医療 健康／健康情 前
2070640610,埼玉県立大 保健医療 健康／検査技 前
2070640710,埼玉県立大 保健医療 健康／口腔保 前
2070640810,埼玉県立大 保健医療 社会／社会福 前
2070640910,埼玉県立大 保健医療 社会／福祉子 前
2075640010,千葉保健医療大 健康科学  前
2075640110,千葉保健医療大 健康科学 看護 前
2075640210,千葉保健医療大 健康科学 栄養 前
2075640310,千葉保健医療大 健康科学 歯科衛生 前
2075640410,千葉保健医療大 健康科学 リハ／理学療 前
2075640510,千葉保健医療大 健康科学 リハ／作業療 前
2079120010,東京都立大 法  前
2079120020,東京都立大 法  後
2079120110,東京都立大 法 法 前
2079120120,東京都立大 法 法 後
2079210010,東京都立大 経済経営  前
2079210020,東京都立大 経済経営  後
2079210111,東京都立大 経済経営 経済経営 前
2079210112,東京都立大 経済経営 経済経営 前
2079210120,東京都立大 経済経営 経済経営 後
2079270010,東京都立大 人文社会  前
2079270020,東京都立大 人文社会  後
2079270110,東京都立大 人文社会 人間社会 前
2079270120,東京都立大 人文社会 人間社会 後
2079270210,東京都立大 人文社会 人文 前
2079270220,東京都立大 人文社会 人文 後
2079380010,東京都立大 都市環境  前
2079380020,東京都立大 都市環境  後
2079380910,東京都立大 都市環境 地理環境 前
2079380920,東京都立大 都市環境 地理環境 後
2079381010,東京都立大 都市環境 都市基盤環境 前
2079381020,東京都立大 都市環境 都市基盤環境 後
2079381110,東京都立大 都市環境 建築 前
2079381120,東京都立大 都市環境 建築 後
2079381210,東京都立大 都市環境 環境応用化 前
2079381220,東京都立大 都市環境 環境応用化 後
2079381310,東京都立大 都市環境 観光科学 前
2079381320,東京都立大 都市環境 観光科学 後
2079381411,東京都立大 都市環境 都市政策科学 前
2079381412,東京都立大 都市環境 都市政策科学 前
2079381420,東京都立大 都市環境 都市政策科学 後
2079420010,東京都立大 理  前
2079420020,東京都立大 理  後
2079420110,東京都立大 理 数理科学 前
2079420120,東京都立大 理 数理科学 後
2079420210,東京都立大 理 物理 前
2079420220,東京都立大 理 物理 後
2079420310,東京都立大 理 化学 前
2079420320,東京都立大 理 化学 後
2079420410,東京都立大 理 生命科学 前
2079420420,東京都立大 理 生命科学 後
2079470010,東京都立大 システム  前
2079470020,東京都立大 システム  後
2079471010,東京都立大 システム 情報科学 前
2079471020,東京都立大 システム 情報科学 後
2079471110,東京都立大 システム 電気電子工 前
2079471120,東京都立大 システム 電気電子工 後
2079471210,東京都立大 システム 機械シス工 前
2079471220,東京都立大 システム 機械シス工 後
2079471310,東京都立大 システム 航空宇宙シス 前
2079471320,東京都立大 システム 航空宇宙シス 後
2079471410,東京都立大 システム インダストリ 前
2079471420,東京都立大 システム インダストリ 後
2079640010,東京都立大 健康福祉  前
2079640020,東京都立大 健康福祉  後
2079640110,東京都立大 健康福祉 看護 前
2079640120,東京都立大 健康福祉 看護 後
2079640210,東京都立大 健康福祉 理学療法 前
2079640220,東京都立大 健康福祉 理学療法 後
2079640310,東京都立大 健康福祉 作業療法 前
2079640320,東京都立大 健康福祉 作業療法 後
2079640410,東京都立大 健康福祉 放射線 前
2079640420,東京都立大 健康福祉 放射線 後
2088640010,神奈川保福大 保健福祉  前
2088640020,神奈川保福大 保健福祉  後
2088640110,神奈川保福大 保健福祉 看護 前
2088640120,神奈川保福大 保健福祉 看護 後
2088640210,神奈川保福大 保健福祉 栄養 前
2088640220,神奈川保福大 保健福祉 栄養 後
2088640310,神奈川保福大 保健福祉 社会福祉 前
2088640320,神奈川保福大 保健福祉 社会福祉 後
2088640410,神奈川保福大 保健福祉 リハ／理学療 前
2088640420,神奈川保福大 保健福祉 リハ／理学療 後
2088640510,神奈川保福大 保健福祉 リハ／作業療 前
2088640520,神奈川保福大 保健福祉 リハ／作業療 後
2089640010,川崎市立看護大 看護  前
2089640020,川崎市立看護大 看護  後
2089640110,川崎市立看護大 看護 看護 前
2089640120,川崎市立看護大 看護 看護 後
2090210010,横浜市立大 国際商  前
2090210111,横浜市立大 国際商 国際商 前
2090210112,横浜市立大 国際商 国際商 前
2090370010,横浜市立大 データサ  前
2090370020,横浜市立大 データサ  後
2090370110,横浜市立大 データサ データサイエ 前
2090370120,横浜市立大 データサ データサイエ 後
2090390010,横浜市立大 国際教養  前
2090390111,横浜市立大 国際教養 国際教養 前
2090390112,横浜市立大 国際教養 国際教養 前
2090420010,横浜市立大 理  前
2090420020,横浜市立大 理  後
2090420411,横浜市立大 理 理 前
2090420412,横浜市立大 理 理 前
2090420420,横浜市立大 理 理 後
2090550010,横浜市立大 医  前
2090550111,横浜市立大 医 医 前
2090550112,横浜市立大 医 医 前
2090550113,横浜市立大 医 医 前
2090550311,横浜市立大 医 看護 前
2090550312,横浜市立大 医 看護 前
2093640010,新潟県立看護大 看護  前
2093640020,新潟県立看護大 看護  後
2093640110,新潟県立看護大 看護 看護 前
2093640120,新潟県立看護大 看護 看護 後
2094210060,新潟県立大 国際経済  独
2094210161,新潟県立大 国際経済 国際経済 独
2094210162,新潟県立大 国際経済 国際経済 独
2094210163,新潟県立大 国際経済 国際経済 独
2094330060,新潟県立大 国際地域  独
2094330161,新潟県立大 国際地域 国際地域 独
2094330162,新潟県立大 国際地域 国際地域 独
2094330163,新潟県立大 国際地域 国際地域 独
2094790060,新潟県立大 人間生活  独
2094790161,新潟県立大 人間生活 子ども 独
2094790162,新潟県立大 人間生活 子ども 独
2094790163,新潟県立大 人間生活 子ども 独
2094790261,新潟県立大 人間生活 健康栄養 独
2094790262,新潟県立大 人間生活 健康栄養 独
2094790263,新潟県立大 人間生活 健康栄養 独
2095830010,長岡造形大 造形  前
2095830050,長岡造形大 造形  中
2095830315,長岡造形大 造形 美術・工芸 前
2095830316,長岡造形大 造形 美術・工芸 前
2095830350,長岡造形大 造形 美術・工芸 中
2095830415,長岡造形大 造形 建築・環境デ 前
2095830416,長岡造形大 造形 建築・環境デ 前
2095830450,長岡造形大 造形 建築・環境デ 中
2095830515,長岡造形大 造形 デザイン 前
2095830516,長岡造形大 造形 デザイン 前
2095830550,長岡造形大 造形 デザイン 中
2096460010,三条市立大 工  前
2096460050,三条市立大 工  中
2096460111,三条市立大 工 技術・経営工 前
2096460112,三条市立大 工 技術・経営工 前
2096460151,三条市立大 工 技術・経営工 中
2096460152,三条市立大 工 技術・経営工 中
2100460010,富山県立大 工  前
2100460020,富山県立大 工  後
2100460110,富山県立大 工 機械シス工 前
2100460120,富山県立大 工 機械シス工 後
2100460310,富山県立大 工 生物工 前
2100460320,富山県立大 工 生物工 後
2100460610,富山県立大 工 環境・社会基 前
2100460620,富山県立大 工 環境・社会基 後
2100460710,富山県立大 工 医薬品工 前
2100460720,富山県立大 工 医薬品工 後
2100460810,富山県立大 工 電気電子工 前
2100460820,富山県立大 工 電気電子工 後
2100470010,富山県立大 情報工  前
2100470020,富山県立大 情報工  後
2100470110,富山県立大 情報工 データサイエ 前
2100470120,富山県立大 情報工 データサイエ 後
2100470210,富山県立大 情報工 情報シス工 前
2100470220,富山県立大 情報工 情報シス工 後
2100470310,富山県立大 情報工 知能ロボット 前
2100470320,富山県立大 情報工 知能ロボット 後
2100640010,富山県立大 看護  前
2100640020,富山県立大 看護  後
2100640110,富山県立大 看護 看護 前
2100640120,富山県立大 看護 看護 後
2103640010,石川県立看護大 看護  前
2103640020,石川県立看護大 看護  後
2103640110,石川県立看護大 看護 看護 前
2103640120,石川県立看護大 看護 看護 後
2104740010,石川県立大 生物資源  前
2104740020,石川県立大 生物資源  後
2104740110,石川県立大 生物資源 生産科学 前
2104740120,石川県立大 生物資源 生産科学 後
2104740210,石川県立大 生物資源 環境科学 前
2104740220,石川県立大 生物資源 環境科学 後
2104740310,石川県立大 生物資源 食品科学 前
2104740320,石川県立大 生物資源 食品科学 後
2105830050,金沢美術工芸大 美術工芸  中
2105830150,金沢美術工芸大 美術工芸 デザ／インダ 中
2105830650,金沢美術工芸大 美術工芸 美術／芸術学 中
2105830750,金沢美術工芸大 美術工芸 美術／彫刻 中
2105830850,金沢美術工芸大 美術工芸 工芸 中
2105831350,金沢美術工芸大 美術工芸 美術／日本画 中
2105831450,金沢美術工芸大 美術工芸 美術／油画 中
2105831550,金沢美術工芸大 美術工芸 デザ／ホリス 中
2106330010,公立小松大 国際文化  前
2106330050,公立小松大 国際文化  中
2106330110,公立小松大 国際文化 国際文化交流 前
2106330150,公立小松大 国際文化 国際文化交流 中
2106470010,公立小松大 生産シス  前
2106470050,公立小松大 生産シス  中
2106470110,公立小松大 生産シス 生産システム 前
2106470150,公立小松大 生産シス 生産システム 中
2106640010,公立小松大 保健医療  前
2106640050,公立小松大 保健医療  中
2106640110,公立小松大 保健医療 看護 前
2106640150,公立小松大 保健医療 看護 中
2106640210,公立小松大 保健医療 臨床工 前
2106640250,公立小松大 保健医療 臨床工 中
2108640010,敦賀市立看護大 看護  前
2108640020,敦賀市立看護大 看護  後
2108640110,敦賀市立看護大 看護 看護 前
2108640120,敦賀市立看護大 看護 看護 後
2110130010,福井県立大 地域政策  前
2110130020,福井県立大 地域政策  後
2110130110,福井県立大 地域政策 地域イノベー 前
2110130120,福井県立大 地域政策 地域イノベー 後
2110180010,福井県立大 経済  前
2110180020,福井県立大 経済  後
2110180110,福井県立大 経済 経営 前
2110180120,福井県立大 経済 経営 後
2110180210,福井県立大 経済 経済 前
2110180220,福井県立大 経済 経済 後
2110430010,福井県立大 恐竜  前
2110430020,福井県立大 恐竜  後
2110430110,福井県立大 恐竜 恐竜・地質 前
2110430120,福井県立大 恐竜 恐竜・地質 後
2110640010,福井県立大 看護福祉  前
2110640020,福井県立大 看護福祉  後
2110640110,福井県立大 看護福祉 看護 前
2110640120,福井県立大 看護福祉 看護 後
2110640210,福井県立大 看護福祉 社会福祉 前
2110640220,福井県立大 看護福祉 社会福祉 後
2110740010,福井県立大 生物資源  前
2110740020,福井県立大 生物資源  後
2110740211,福井県立大 生物資源 生物資源 前
2110740212,福井県立大 生物資源 生物資源 前
2110740220,福井県立大 生物資源 生物資源 後
2110740310,福井県立大 生物資源 創造農 前
2110740320,福井県立大 生物資源 創造農 後
2110750010,福井県立大 海洋生物  前
2110750020,福井県立大 海洋生物  後
2110750110,福井県立大 海洋生物 海洋生物資源 前
2110750120,福井県立大 海洋生物 海洋生物資源 後
2110750210,福井県立大 海洋生物 先端増養殖科 前
2110750220,福井県立大 海洋生物 先端増養殖科 後
2114130010,山梨県立大 国際政策  前
2114130020,山梨県立大 国際政策  後
2114130110,山梨県立大 国際政策 総合政策 前
2114130120,山梨県立大 国際政策 総合政策 後
2114130210,山梨県立大 国際政策 国際コミュニ 前
2114130220,山梨県立大 国際政策 国際コミュニ 後
2114270010,山梨県立大 人間福祉  前
2114270020,山梨県立大 人間福祉  後
2114270110,山梨県立大 人間福祉 福祉コミュニ 前
2114270120,山梨県立大 人間福祉 福祉コミュニ 後
2114270210,山梨県立大 人間福祉 人間形成 前
2114270220,山梨県立大 人間福祉 人間形成 後
2114640010,山梨県立大 看護  前
2114640020,山梨県立大 看護  後
2114640110,山梨県立大 看護 看護 前
2114640120,山梨県立大 看護 看護 後
2115010010,都留文科大 文  前
2115010050,都留文科大 文  中
2115010110,都留文科大 文 英文 前
2115010151,都留文科大 文 英文 中
2115010152,都留文科大 文 英文 中
2115010210,都留文科大 文 国文 前
2115010250,都留文科大 文 国文 中
2115370010,都留文科大 教養  前
2115370050,都留文科大 教養  中
2115370110,都留文科大 教養 学校教育 前
2115370151,都留文科大 教養 学校教育 中
2115370152,都留文科大 教養 学校教育 中
2115370210,都留文科大 教養 地域社会 前
2115370250,都留文科大 教養 地域社会 中
2115370310,都留文科大 教養 比較文化 前
2115370350,都留文科大 教養 比較文化 中
2115370410,都留文科大 教養 国際教育 前
2115370450,都留文科大 教養 国際教育 中
2118220010,長野大 地域経営  前
2118220050,長野大 地域経営  中
2118220110,長野大 地域経営 地域経営 前
2118220150,長野大 地域経営 地域経営 中
2118260010,長野大 社会福祉  前
2118260050,長野大 社会福祉  中
2118260110,長野大 社会福祉 社会福祉 前
2118260150,長野大 社会福祉 社会福祉 中
2118380010,長野大 共創情報  前
2118380050,長野大 共創情報  中
2118380110,長野大 共創情報 共創情報科学 前
2118380150,長野大 共創情報 共創情報科学 中
2119210010,長野県立大 グローバ  前
2119210050,長野県立大 グローバ  中
2119210111,長野県立大 グローバ グローバルマ 前
2119210112,長野県立大 グローバ グローバルマ 前
2119210150,長野県立大 グローバ グローバルマ 中
2119790010,長野県立大 健康発達  前
2119790050,長野県立大 健康発達  中
2119790110,長野県立大 健康発達 食健康 前
2119790150,長野県立大 健康発達 食健康 中
2119790210,長野県立大 健康発達 こども 前
2120640010,長野県看護大 看護  前
2120640050,長野県看護大 看護  中
2120640110,長野県看護大 看護 看護 前
2120640150,長野県看護大 看護 看護 中
2121460010,諏訪東京理大 工  前
2121460050,諏訪東京理大 工  中
2121460211,諏訪東京理大 工 機械電気工 前
2121460212,諏訪東京理大 工 機械電気工 前
2121460250,諏訪東京理大 工 機械電気工 中
2121460311,諏訪東京理大 工 情報／知能情 前
2121460312,諏訪東京理大 工 情報／知能情 前
2121460350,諏訪東京理大 工 情報／知能情 中
2121460411,諏訪東京理大 工 情報／情報シ 前
2121460412,諏訪東京理大 工 情報／情報シ 前
2121460450,諏訪東京理大 工 情報／情報シ 中
2123640010,岐阜県立看護大 看護  前
2123640110,岐阜県立看護大 看護 看護 前
2125610050,岐阜薬大 薬  中
2125610350,岐阜薬大 薬 薬 中
2128030010,静岡文化芸大 文化政策  前
2128030020,静岡文化芸大 文化政策  後
2128030110,静岡文化芸大 文化政策 国際文化 前
2128030120,静岡文化芸大 文化政策 国際文化 後
2128030210,静岡文化芸大 文化政策 文化政策 前
2128030220,静岡文化芸大 文化政策 文化政策 後
2128030310,静岡文化芸大 文化政策 芸術文化 前
2128030320,静岡文化芸大 文化政策 芸術文化 後
2128830010,静岡文化芸大 デザイン  前
2128830020,静岡文化芸大 デザイン  後
2128830411,静岡文化芸大 デザイン デザイン 前
2128830412,静岡文化芸大 デザイン デザイン 前
2128830413,静岡文化芸大 デザイン デザイン 前
2128830420,静岡文化芸大 デザイン デザイン 後
2129740010,静岡農林職大 生産環境  前
2129740110,静岡農林職大 生産環境 生産環境経営 前
2130210010,静岡県立大 経営情報  前
2130210020,静岡県立大 経営情報  後
2130210110,静岡県立大 経営情報 経営情報 前
2130210120,静岡県立大 経営情報 経営情報 後
2130330010,静岡県立大 国際関係  前
2130330110,静岡県立大 国際関係 国際関係 前
2130330210,静岡県立大 国際関係 国際言語文化 前
2130610050,静岡県立大 薬  中
2130610250,静岡県立大 薬 薬 中
2130610350,静岡県立大 薬 薬科学 中
2130640010,静岡県立大 看護  前
2130640020,静岡県立大 看護  後
2130640110,静岡県立大 看護 看護 前
2130640120,静岡県立大 看護 看護 後
2130790010,静岡県立大 食品栄養  前
2130790020,静岡県立大 食品栄養  後
2130790110,静岡県立大 食品栄養 栄養生命科学 前
2130790120,静岡県立大 食品栄養 栄養生命科学 後
2130790210,静岡県立大 食品栄養 食品生命科学 前
2130790310,静岡県立大 食品栄養 環境生命科学 前
2130790320,静岡県立大 食品栄養 環境生命科学 後
2135030010,愛知県立大 日本文化  前
2135030020,愛知県立大 日本文化  後
2135030110,愛知県立大 日本文化 国語国文 前
2135030120,愛知県立大 日本文化 国語国文 後
2135030210,愛知県立大 日本文化 歴史文化 前
2135030220,愛知県立大 日本文化 歴史文化 後
2135080010,愛知県立大 外国語  前
2135080020,愛知県立大 外国語  後
2135080110,愛知県立大 外国語 英米 前
2135080120,愛知県立大 外国語 英米 後
2135080510,愛知県立大 外国語 中国 前
2135080520,愛知県立大 外国語 中国 後
2135080810,愛知県立大 外国語 国際関係 前
2135080820,愛知県立大 外国語 国際関係 後
2135080910,愛知県立大 外国語 ヨー／フラン 前
2135080920,愛知県立大 外国語 ヨー／フラン 後
2135081110,愛知県立大 外国語 ヨー／ドイツ 前
2135081120,愛知県立大 外国語 ヨー／ドイツ 後
2135081210,愛知県立大 外国語 ヨー／スペイ 前
2135081220,愛知県立大 外国語 ヨー／スペイ 後
2135081310,愛知県立大 外国語 ヨー／ポルト 前
2135081320,愛知県立大 外国語 ヨー／ポルト 後
2135310010,愛知県立大 教育福祉  前
2135310020,愛知県立大 教育福祉  後
2135310210,愛知県立大 教育福祉 社会福祉 前
2135310220,愛知県立大 教育福祉 社会福祉 後
2135310310,愛知県立大 教育福祉 教育／小学校 前
2135310320,愛知県立大 教育福祉 教育／小学校 後
2135310410,愛知県立大 教育福祉 教育／保育幼 前
2135310420,愛知県立大 教育福祉 教育／保育幼 後
2135370010,愛知県立大 情報科学  前
2135370020,愛知県立大 情報科学  後
2135370310,愛知県立大 情報科学 情報科学 前
2135370320,愛知県立大 情報科学 情報科学 後
2135640010,愛知県立大 看護  前
2135640020,愛知県立大 看護  後
2135640110,愛知県立大 看護 看護 前
2135640120,愛知県立大 看護 看護 後
2145830020,愛知県立芸大 美術  後
2145830120,愛知県立芸大 美術 デザ／デザイ 後
2145830220,愛知県立芸大 美術 デザ／陶磁 後
2145830320,愛知県立芸大 美術 美術／油画 後
2145830420,愛知県立芸大 美術 美術／彫刻 後
2145830520,愛知県立芸大 美術 美術／日本画 後
2145830620,愛知県立芸大 美術 美術／芸術学 後
2145830720,愛知県立芸大 美術 デザ／メディ 後
2145840020,愛知県立芸大 音楽  後
2145840120,愛知県立芸大 音楽 音楽／管打楽 後
2145840220,愛知県立芸大 音楽 音楽／弦楽器 後
2145840320,愛知県立芸大 音楽 音楽／ピアノ 後
2145840420,愛知県立芸大 音楽 音楽／音楽学 後
2145840520,愛知県立芸大 音楽 音楽／作曲 後
2145840620,愛知県立芸大 音楽 音楽／声楽 後
2150180010,名古屋市立大 経済  前
2150180020,名古屋市立大 経済  後
2150180310,名古屋市立大 経済 経済経営 前
2150180321,名古屋市立大 経済 経済経営 後
2150180322,名古屋市立大 経済 経済経営 後
2150270010,名古屋市立大 人文社会  前
2150270020,名古屋市立大 人文社会  後
2150270210,名古屋市立大 人文社会 現代社会 前
2150270220,名古屋市立大 人文社会 現代社会 後
2150270310,名古屋市立大 人文社会 国際文化 前
2150270320,名古屋市立大 人文社会 国際文化 後
2150270410,名古屋市立大 人文社会 心理／教育学 前
2150270420,名古屋市立大 人文社会 心理／教育学 後
2150270510,名古屋市立大 人文社会 心理／心理学 前
2150270520,名古屋市立大 人文社会 心理／心理学 後
2150370010,名古屋市立大 データサ  前
2150370110,名古屋市立大 データサ データサイエ 前
2150430020,名古屋市立大 総合生命  後
2150430120,名古屋市立大 総合生命 総合生命理 後
2150470010,名古屋市立大 芸術工  前
2150470020,名古屋市立大 芸術工  後
2150470410,名古屋市立大 芸術工 芸術工 前
2150470421,名古屋市立大 芸術工 芸術工 後
2150470422,名古屋市立大 芸術工 芸術工 後
2150550010,名古屋市立大 医  前
2150550110,名古屋市立大 医 医 前
2150550210,名古屋市立大 医 保健／看護学 前
2150550310,名古屋市立大 医 保健／理学療 前
2150550410,名古屋市立大 医 保健／作業療 前
2150610050,名古屋市立大 薬  中
2150610250,名古屋市立大 薬 薬 中
2150610350,名古屋市立大 薬 生命薬科学 中
2153640010,三重県立看護大 看護  前
2153640020,三重県立看護大 看護  後
2153640111,三重県立看護大 看護 看護 前
2153640112,三重県立看護大 看護 看護 前
2153640120,三重県立看護大 看護 看護 後
2160370010,滋賀県立大 人間文化  前
2160370020,滋賀県立大 人間文化  後
2160370210,滋賀県立大 人間文化 地域文化 前
2160370220,滋賀県立大 人間文化 地域文化 後
2160370610,滋賀県立大 人間文化 生活デザイン 前
2160370620,滋賀県立大 人間文化 生活デザイン 後
2160370710,滋賀県立大 人間文化 生活栄養 前
2160370720,滋賀県立大 人間文化 生活栄養 後
2160370810,滋賀県立大 人間文化 人間関係 前
2160370820,滋賀県立大 人間文化 人間関係 後
2160370910,滋賀県立大 人間文化 国際コミュニ 前
2160370920,滋賀県立大 人間文化 国際コミュニ 後
2160380010,滋賀県立大 環境科学  前
2160380020,滋賀県立大 環境科学  後
2160380310,滋賀県立大 環境科学 環境生態 前
2160380320,滋賀県立大 環境科学 環境生態 後
2160380410,滋賀県立大 環境科学 生物資源管理 前
2160380420,滋賀県立大 環境科学 生物資源管理 後
2160380510,滋賀県立大 環境科学 環境社会シス 前
2160380520,滋賀県立大 環境科学 環境社会シス 後
2160380610,滋賀県立大 環境科学 環境建築デザ 前
2160380620,滋賀県立大 環境科学 環境建築デザ 後
2160460010,滋賀県立大 工  前
2160460020,滋賀県立大 工  後
2160460110,滋賀県立大 工 機械シス工 前
2160460120,滋賀県立大 工 機械シス工 後
2160460210,滋賀県立大 工 材料化 前
2160460220,滋賀県立大 工 材料化 後
2160460310,滋賀県立大 工 電子シス工 前
2160460320,滋賀県立大 工 電子シス工 後
2160640010,滋賀県立大 人間看護  前
2160640020,滋賀県立大 人間看護  後
2160640110,滋賀県立大 人間看護 人間看護 前
2160640120,滋賀県立大 人間看護 人間看護 後
2163210010,福知山公立大 地域経営  前
2163210020,福知山公立大 地域経営  後
2163210111,福知山公立大 地域経営 地域経営 前
2163210112,福知山公立大 地域経営 地域経営 前
2163210120,福知山公立大 地域経営 地域経営 後
2163370010,福知山公立大 情報  前
2163370020,福知山公立大 情報  後
2163370111,福知山公立大 情報 情報 前
2163370112,福知山公立大 情報 情報 前
2163370120,福知山公立大 情報 情報 後
2165830010,京都市立芸大 美術  前
2165830110,京都市立芸大 美術 工芸 前
2165830210,京都市立芸大 美術 デザイン 前
2165830310,京都市立芸大 美術 美術 前
2165830410,京都市立芸大 美術 総合芸術 前
2165840020,京都市立芸大 音楽  後
2165840220,京都市立芸大 音楽 音楽／作曲 後
2165840320,京都市立芸大 音楽 音楽／指揮 後
2165840420,京都市立芸大 音楽 音楽／ピアノ 後
2165840520,京都市立芸大 音楽 音楽／弦楽 後
2165840620,京都市立芸大 音楽 音楽／管・打 後
2165840720,京都市立芸大 音楽 音楽／声楽 後
2165840820,京都市立芸大 音楽 音楽／音楽学 後
2170010010,京都府立大 文  前
2170010020,京都府立大 文  後
2170010610,京都府立大 文 日本・中国文 前
2170010620,京都府立大 文 日本・中国文 後
2170010710,京都府立大 文 国際文化交流 前
2170010720,京都府立大 文 国際文化交流 後
2170010810,京都府立大 文 歴史 前
2170010820,京都府立大 文 歴史 後
2170280010,京都府立大 社会科学  前
2170280020,京都府立大 社会科学  後
2170280110,京都府立大 社会科学 公共政策 前
2170280120,京都府立大 社会科学 公共政策 後
2170280210,京都府立大 社会科学 福祉社会 前
2170280220,京都府立大 社会科学 福祉社会 後
2170390010,京都府立大 環境科学  前
2170390020,京都府立大 環境科学  後
2170390110,京都府立大 環境科学 森林科学 前
2170390120,京都府立大 環境科学 森林科学 後
2170390210,京都府立大 環境科学 環境デザイン 前
2170470010,京都府立大 生命理工  前
2170470020,京都府立大 生命理工  後
2170470110,京都府立大 生命理工 生命化 前
2170470120,京都府立大 生命理工 生命化 後
2170470210,京都府立大 生命理工 理工情報 前
2170750010,京都府立大 農学食科  前
2170750020,京都府立大 農学食科  後
2170750110,京都府立大 農学食科 農学生命科学 前
2170750120,京都府立大 農学食科 農学生命科学 後
2170750210,京都府立大 農学食科 栄養科学 前
2170750311,京都府立大 農学食科 和食文化科学 前
2170750312,京都府立大 農学食科 和食文化科学 前
2175550010,京都府立医大 医  前
2175550110,京都府立医大 医 医 前
2175550210,京都府立医大 医 看護 前
2178010010,大阪公立大 文  前
2178010020,大阪公立大 文  後
2178120010,大阪公立大 法  前
2178120020,大阪公立大 法  後
2178120110,大阪公立大 法 法 前
2178120120,大阪公立大 法 法 後
2178180010,大阪公立大 経済  前
2178180020,大阪公立大 経済  後
2178180110,大阪公立大 経済 経済 前
2178180121,大阪公立大 経済 経済 後
2178180122,大阪公立大 経済 経済 後
2178200010,大阪公立大 商  前
2178200020,大阪公立大 商  後
2178420010,大阪公立大 理  前
2178420020,大阪公立大 理  後
2178420110,大阪公立大 理 数学 前
2178420120,大阪公立大 理 数学 後
2178420210,大阪公立大 理 物理 前
2178420220,大阪公立大 理 物理 後
2178420310,大阪公立大 理 化学 前
2178420320,大阪公立大 理 化学 後
2178420410,大阪公立大 理 生物 前
2178420420,大阪公立大 理 生物 後
2178420510,大阪公立大 理 地球 前
2178420520,大阪公立大 理 地球 後
2178420610,大阪公立大 理 生物化 前
2178420620,大阪公立大 理 生物化 後
2178460010,大阪公立大 工  前
2178460050,大阪公立大 工  中
2178460110,大阪公立大 工 航空宇宙工 前
2178460150,大阪公立大 工 航空宇宙工 中
2178460210,大阪公立大 工 海洋シス工 前
2178460250,大阪公立大 工 海洋シス工 中
2178460310,大阪公立大 工 機械工 前
2178460350,大阪公立大 工 機械工 中
2178460410,大阪公立大 工 建築 前
2178460450,大阪公立大 工 建築 中
2178460510,大阪公立大 工 都市 前
2178460550,大阪公立大 工 都市 中
2178460610,大阪公立大 工 電子物理工 前
2178460650,大阪公立大 工 電子物理工 中
2178460710,大阪公立大 工 情報工 前
2178460750,大阪公立大 工 情報工 中
2178460810,大阪公立大 工 電気電子シス 前
2178460850,大阪公立大 工 電気電子シス 中
2178460910,大阪公立大 工 応用化 前
2178460950,大阪公立大 工 応用化 中
2178461010,大阪公立大 工 化学工 前
2178461050,大阪公立大 工 化学工 中
2178461110,大阪公立大 工 マテリアル工 前
2178461150,大阪公立大 工 マテリアル工 中
2178461210,大阪公立大 工 化学バイオ工 前
2178461250,大阪公立大 工 化学バイオ工 中
2178550010,大阪公立大 医  前
2178550020,大阪公立大 医  後
2178550111,大阪公立大 医 医 前
2178550112,大阪公立大 医 医 前
2178550210,大阪公立大 医 リハ／理学療 前
2178550220,大阪公立大 医 リハ／理学療 後
2178550310,大阪公立大 医 リハ／作業療 前
2178550320,大阪公立大 医 リハ／作業療 後
2178640010,大阪公立大 看護  前
2178640020,大阪公立大 看護  後
2178640110,大阪公立大 看護 看護 前
2178640120,大阪公立大 看護 看護 後
2178720010,大阪公立大 農  前
2178720020,大阪公立大 農  後
2178720110,大阪公立大 農 応用生物科学 前
2178720120,大阪公立大 農 応用生物科学 後
2178720210,大阪公立大 農 生命機能化 前
2178720220,大阪公立大 農 生命機能化 後
2178720310,大阪公立大 農 緑地環境科学 前
2178720320,大阪公立大 農 緑地環境科学 後
2178740010,大阪公立大 獣医  前
2178740110,大阪公立大 獣医 獣医 前
2178790010,大阪公立大 生活科学  前
2178790110,大阪公立大 生活科学 食栄養 前
2178790210,大阪公立大 生活科学 居住環境 前
2178790310,大阪公立大 生活科学 人間福祉 前
2178880010,大阪公立大 現代シス  前
2178880020,大阪公立大 現代シス  後
2178880110,大阪公立大 現代シス 知識情報シス 前
2178880211,大阪公立大 現代シス 環境社会シス 前
2178880212,大阪公立大 現代シス 環境社会シス 前
2178880310,大阪公立大 現代シス 教育福祉学類 前
2178880411,大阪公立大 現代シス 心理学類 前
2178880412,大阪公立大 現代シス 心理学類 前
2178880511,大阪公立大 現代シス 学域一括 前
2178880512,大阪公立大 現代シス 学域一括 前
2178880513,大阪公立大 現代シス 学域一括 前
2178880514,大阪公立大 現代シス 学域一括 前
2178880520,大阪公立大 現代シス 学域一括 後
2198640010,神戸市看護大 看護  前
2198640020,神戸市看護大 看護  後
2198640110,神戸市看護大 看護 看護 前
2198640120,神戸市看護大 看護 看護 後
2199210010,兵庫県立大 国際商経  前
2199210020,兵庫県立大 国際商経  後
2199210210,兵庫県立大 国際商経 国際／経済学 前
2199210220,兵庫県立大 国際商経 国際／経済学 後
2199210310,兵庫県立大 国際商経 国際／グロー 前
2199370010,兵庫県立大 環境人間  前
2199370020,兵庫県立大 環境人間  後
2199370110,兵庫県立大 環境人間 環境人間 前
2199370120,兵庫県立大 環境人間 環境人間 後
2199370210,兵庫県立大 環境人間 環境／食環境 前
2199380010,兵庫県立大 社会情報  前
2199380050,兵庫県立大 社会情報  中
2199380110,兵庫県立大 社会情報 社会情報科学 前
2199380150,兵庫県立大 社会情報 社会情報科学 中
2199420050,兵庫県立大 理  中
2199420150,兵庫県立大 理 生命科学 中
2199420250,兵庫県立大 理 物質科学 中
2199460010,兵庫県立大 工  前
2199460020,兵庫県立大 工  後
2199460410,兵庫県立大 工 工／電気電子 前
2199460420,兵庫県立大 工 工／電気電子 後
2199460510,兵庫県立大 工 工／知能情報 前
2199460520,兵庫県立大 工 工／知能情報 後
2199460610,兵庫県立大 工 工／機械工学 前
2199460620,兵庫県立大 工 工／機械工学 後
2199460710,兵庫県立大 工 工／材料デザ 前
2199460720,兵庫県立大 工 工／材料デザ 後
2199460810,兵庫県立大 工 工／化学 前
2199460820,兵庫県立大 工 工／化学 後
2199640010,兵庫県立大 看護  前
2199640020,兵庫県立大 看護  後
2199640110,兵庫県立大 看護 看護 前
2199640120,兵庫県立大 看護 看護 後
2200080010,神戸市外大 外国語  前
2200080020,神戸市外大 外国語  後
2200080110,神戸市外大 外国語 イスパニア 前
2200080120,神戸市外大 外国語 イスパニア 後
2200080210,神戸市外大 外国語 英米 前
2200080220,神戸市外大 外国語 英米 後
2200080310,神戸市外大 外国語 国際関係 前
2200080320,神戸市外大 外国語 国際関係 後
2200080410,神戸市外大 外国語 中国 前
2200080420,神戸市外大 外国語 中国 後
2200080510,神戸市外大 外国語 ロシア 前
2200080520,神戸市外大 外国語 ロシア 後
2200110010,神戸市外大 外国語２  前
2200110020,神戸市外大 外国語２  後
2200110110,神戸市外大 外国語２ 英米 前
2200110120,神戸市外大 外国語２ 英米 後
2201830060,芸術文観光職大 芸文観光  独
2201830161,芸術文観光職大 芸文観光 芸術文化観光 独
2220550010,奈良県立医大 医  前
2220550020,奈良県立医大 医  後
2220550110,奈良県立医大 医 医 前
2220550120,奈良県立医大 医 医 後
2220550311,奈良県立医大 医 看護 前
2220550312,奈良県立医大 医 看護 前
2225230010,奈良県立大 地域創造  前
2225230050,奈良県立大 地域創造  中
2225230310,奈良県立大 地域創造 地域創造 前
2225230350,奈良県立大 地域創造 地域創造 中
2230550010,和歌山県立医大 医  前
2230550111,和歌山県立医大 医 医 前
2230550112,和歌山県立医大 医 医 前
2230550113,和歌山県立医大 医 医 前
2230610010,和歌山県立医大 薬  前
2230610110,和歌山県立医大 薬 薬 前
2230640010,和歌山県立医大 保健看護  前
2230640110,和歌山県立医大 保健看護 保健看護 前
2235190010,公立鳥取環境大 経営  前
2235190020,公立鳥取環境大 経営  後
2235190111,公立鳥取環境大 経営 経営 前
2235190112,公立鳥取環境大 経営 経営 前
2235190120,公立鳥取環境大 経営 経営 後
2235470010,公立鳥取環境大 環境  前
2235470020,公立鳥取環境大 環境  後
2235470111,公立鳥取環境大 環境 環境 前
2235470112,公立鳥取環境大 環境 環境 前
2235470120,公立鳥取環境大 環境 環境 後
2240140010,島根県立大 地域政策  前
2240140020,島根県立大 地域政策  後
2240140110,島根県立大 地域政策 地域／経済経 前
2240140120,島根県立大 地域政策 地域／経済経 後
2240140210,島根県立大 地域政策 地域／地域公 前
2240140220,島根県立大 地域政策 地域／地域公 後
2240140310,島根県立大 地域政策 地域／地域づ 前
2240140320,島根県立大 地域政策 地域／地域づ 後
2240330010,島根県立大 国際関係  前
2240330020,島根県立大 国際関係  後
2240330110,島根県立大 国際関係 国際／国際関 前
2240330120,島根県立大 国際関係 国際／国際関 後
2240330210,島根県立大 国際関係 国際／国際コ 前
2240330220,島根県立大 国際関係 国際／国際コ 後
2240370010,島根県立大 人間文化  前
2240370110,島根県立大 人間文化 保育教育 前
2240370210,島根県立大 人間文化 地域文化 前
2240640010,島根県立大 看護栄養  前
2240640111,島根県立大 看護栄養 看護 前
2240640112,島根県立大 看護栄養 看護 前
2240640211,島根県立大 看護栄養 健康栄養 前
2240640212,島根県立大 看護栄養 健康栄養 前
2243640010,新見公立大 健康科学  前
2243640020,新見公立大 健康科学  後
2243640050,新見公立大 健康科学  中
2243640110,新見公立大 健康科学 看護 前
2243640120,新見公立大 健康科学 看護 後
2243640210,新見公立大 健康科学 地域福祉 前
2243640250,新見公立大 健康科学 地域福祉 中
2243640310,新見公立大 健康科学 健康保育 前
2243640320,新見公立大 健康科学 健康保育 後
2245470010,岡山県立大 情報工  前
2245470050,岡山県立大 情報工  中
2245470110,岡山県立大 情報工 情報シス工 前
2245470150,岡山県立大 情報工 情報シス工 中
2245470210,岡山県立大 情報工 情報通信工 前
2245470250,岡山県立大 情報工 情報通信工 中
2245470310,岡山県立大 情報工 人間情報工 前
2245470350,岡山県立大 情報工 人間情報工 中
2245640010,岡山県立大 保健福祉  前
2245640020,岡山県立大 保健福祉  後
2245640110,岡山県立大 保健福祉 栄養 前
2245640120,岡山県立大 保健福祉 栄養 後
2245640210,岡山県立大 保健福祉 看護 前
2245640220,岡山県立大 保健福祉 看護 後
2245640610,岡山県立大 保健福祉 現代福祉 前
2245640710,岡山県立大 保健福祉 子ども 前
2245640720,岡山県立大 保健福祉 子ども 後
2245830010,岡山県立大 デザイン  前
2245830110,岡山県立大 デザイン 工芸工業デザ 前
2245830210,岡山県立大 デザイン ビジュアルデ 前
2245830510,岡山県立大 デザイン 建築 前
2249210010,尾道市立大 経済情報  前
2249210020,尾道市立大 経済情報  後
2249210110,尾道市立大 経済情報 経済情報 前
2249210121,尾道市立大 経済情報 経済情報 後
2249210122,尾道市立大 経済情報 経済情報 後
2249830010,尾道市立大 芸術文化  前
2249830020,尾道市立大 芸術文化  後
2249830110,尾道市立大 芸術文化 日本文 前
2249830120,尾道市立大 芸術文化 日本文 後
2249830210,尾道市立大 芸術文化 美術 前
2249830220,尾道市立大 芸術文化 美術 後
2251390010,県立広島大 地域創生  前
2251390020,県立広島大 地域創生  後
2251390110,県立広島大 地域創生 地域／国際共 前
2251390120,県立広島大 地域創生 地域／国際共 後
2251390310,県立広島大 地域創生 地域／健康科 前
2251390510,県立広島大 地域創生 地域／経営 前
2251390520,県立広島大 地域創生 地域／経営 後
2251390610,県立広島大 地域創生 情報 前
2251390620,県立広島大 地域創生 情報 後
2251640010,県立広島大 保健福祉  前
2251640020,県立広島大 保健福祉  後
2251640610,県立広島大 保健福祉 保健／看護学 前
2251640620,県立広島大 保健福祉 保健／看護学 後
2251640710,県立広島大 保健福祉 保健／理学療 前
2251640720,県立広島大 保健福祉 保健／理学療 後
2251640810,県立広島大 保健福祉 保健／作業療 前
2251640820,県立広島大 保健福祉 保健／作業療 後
2251640910,県立広島大 保健福祉 保健／コミュ 前
2251640920,県立広島大 保健福祉 保健／コミュ 後
2251641010,県立広島大 保健福祉 保健／人間福 前
2251641020,県立広島大 保健福祉 保健／人間福 後
2251740010,県立広島大 生物資源  前
2251740020,県立広島大 生物資源  後
2251740110,県立広島大 生物資源 地域資源開発 前
2251740310,県立広島大 生物資源 生命／生命科 前
2251740320,県立広島大 生物資源 生命／生命科 後
2251740410,県立広島大 生物資源 生命／環境科 前
2251740420,県立広島大 生物資源 生命／環境科 後
2252210010,福山市立大 都市経営  前
2252210020,福山市立大 都市経営  後
2252210110,福山市立大 都市経営 都市経営 前
2252210120,福山市立大 都市経営 都市経営 後
2252300010,福山市立大 教育  前
2252300020,福山市立大 教育  後
2252300110,福山市立大 教育 児童／教育 前
2252300120,福山市立大 教育 児童／教育 後
2252300210,福山市立大 教育 児童／保育 前
2252300220,福山市立大 教育 児童／保育 後
2253270060,叡啓大 ソーシャ  独
2253270160,叡啓大 ソーシャ ソーシャルシ 独
2260330010,広島市立大 国際  前
2260330020,広島市立大 国際  後
2260330110,広島市立大 国際 国際 前
2260330120,広島市立大 国際 国際 後
2260370010,広島市立大 情報科学  前
2260370020,広島市立大 情報科学  後
2260830010,広島市立大 芸術  前
2260830020,広島市立大 芸術  後
2260830110,広島市立大 芸術 デザイン工芸 前
2260830120,広島市立大 芸術 デザイン工芸 後
2260830210,広島市立大 芸術 美術／油絵 前
2260830320,広島市立大 芸術 美術／彫刻 後
2260830410,広島市立大 芸術 美術／日本画 前
2263460010,山口東京理科大 工  前
2263460050,山口東京理科大 工  中
2263460111,山口東京理科大 工 機械工 前
2263460112,山口東京理科大 工 機械工 前
2263460150,山口東京理科大 工 機械工 中
2263460211,山口東京理科大 工 電気工 前
2263460212,山口東京理科大 工 電気工 前
2263460250,山口東京理科大 工 電気工 中
2263460311,山口東京理科大 工 応用化 前
2263460312,山口東京理科大 工 応用化 前
2263460350,山口東京理科大 工 応用化 中
2263460411,山口東京理科大 工 数理情報科学 前
2263460412,山口東京理科大 工 数理情報科学 前
2263460450,山口東京理科大 工 数理情報科学 中
2263460511,山口東京理科大 工 医薬工 前
2263460512,山口東京理科大 工 医薬工 前
2263460550,山口東京理科大 工 医薬工 中
2263610010,山口東京理科大 薬  前
2263610050,山口東京理科大 薬  中
2263610110,山口東京理科大 薬 薬 前
2263610150,山口東京理科大 薬 薬 中
2264210010,周南公立大 経済経営  前
2264210050,周南公立大 経済経営  中
2264210110,周南公立大 経済経営 経済経営 前
2264210150,周南公立大 経済経営 経済経営 中
2264370010,周南公立大 情報科学  前
2264370050,周南公立大 情報科学  中
2264370110,周南公立大 情報科学 情報科学 前
2264370150,周南公立大 情報科学 情報科学 中
2264640010,周南公立大 人間健康  前
2264640020,周南公立大 人間健康  後
2264640050,周南公立大 人間健康  中
2264640110,周南公立大 人間健康 スポーツ健康 前
2264640150,周南公立大 人間健康 スポーツ健康 中
2264640210,周南公立大 人間健康 看護 前
2264640220,周南公立大 人間健康 看護 後
2264640310,周南公立大 人間健康 福祉 前
2264640320,周南公立大 人間健康 福祉 後
2265180010,下関市立大 経済  前
2265180050,下関市立大 経済  中
2265180111,下関市立大 経済 経済 前
2265180112,下関市立大 経済 経済 前
2265180150,下関市立大 経済 経済 中
2265180211,下関市立大 経済 国際商 前
2265180212,下関市立大 経済 国際商 前
2265180250,下関市立大 経済 国際商 中
2265180311,下関市立大 経済 公共マネジメ 前
2265180312,下関市立大 経済 公共マネジメ 前
2265180350,下関市立大 経済 公共マネジメ 中
2265370010,下関市立大 データサ  前
2265370050,下関市立大 データサ  中
2265370110,下関市立大 データサ データサイエ 前
2265370150,下関市立大 データサ データサイエ 中
2265640010,下関市立大 看護  前
2265640050,下関市立大 看護  中
2265640110,下関市立大 看護 看護 前
2265640150,下関市立大 看護 看護 中
2270260010,山口県立大 社会福祉  前
2270260020,山口県立大 社会福祉  後
2270260110,山口県立大 社会福祉 社会福祉 前
2270260120,山口県立大 社会福祉 社会福祉 後
2270330010,山口県立大 国際文化  前
2270330020,山口県立大 国際文化  後
2270330110,山口県立大 国際文化 国際文化 前
2270330120,山口県立大 国際文化 国際文化 後
2270330210,山口県立大 国際文化 文化創造 前
2270330220,山口県立大 国際文化 文化創造 後
2270330310,山口県立大 国際文化 情報社会 前
2270330320,山口県立大 国際文化 情報社会 後
2270650010,山口県立大 看護栄養  前
2270650020,山口県立大 看護栄養  後
2270650110,山口県立大 看護栄養 看護 前
2270650120,山口県立大 看護栄養 看護 後
2270650210,山口県立大 看護栄養 栄養 前
2270650220,山口県立大 看護栄養 栄養 後
2280640010,香川保健医療大 保健医療  前
2280640020,香川保健医療大 保健医療  後
2280640110,香川保健医療大 保健医療 看護 前
2280640120,香川保健医療大 保健医療 看護 後
2280640210,香川保健医療大 保健医療 臨床検査 前
2285640010,愛媛医療技術大 保健科学  前
2285640020,愛媛医療技術大 保健科学  後
2285640110,愛媛医療技術大 保健科学 看護 前
2285640120,愛媛医療技術大 保健科学 看護 後
2285640210,愛媛医療技術大 保健科学 臨床検査 前
2288220010,高知工科大 経済マネ  前
2288220011,高知工科大 経済マネ  前
2288220012,高知工科大 経済マネ  前
2288220013,高知工科大 経済マネ  前
2288220020,高知工科大 経済マネ  後
2288370010,高知工科大 情報  前
2288370011,高知工科大 情報  前
2288370012,高知工科大 情報  前
2288370020,高知工科大 情報  後
2288380010,高知工科大 データイ  前
2288380011,高知工科大 データイ  前
2288380012,高知工科大 データイ  前
2288380020,高知工科大 データイ  後
2288470010,高知工科大 シス工  前
2288470011,高知工科大 シス工  前
2288470012,高知工科大 シス工  前
2288470020,高知工科大 シス工  後
2288480010,高知工科大 理工  前
2288480011,高知工科大 理工  前
2288480013,高知工科大 理工  前
2288480020,高知工科大 理工  後
2290030010,高知県立大 文化  前
2290030020,高知県立大 文化  後
2290030110,高知県立大 文化 文化 前
2290030120,高知県立大 文化 文化 後
2290260010,高知県立大 社会福祉  前
2290260020,高知県立大 社会福祉  後
2290260110,高知県立大 社会福祉 社会福祉 前
2290260120,高知県立大 社会福祉 社会福祉 後
2290640010,高知県立大 看護  前
2290640020,高知県立大 看護  後
2290640110,高知県立大 看護 看護 前
2290640120,高知県立大 看護 看護 後
2290650010,高知県立大 健康栄養  前
2290650110,高知県立大 健康栄養 健康栄養 前
2295010010,北九州市立大 文  前
2295010020,北九州市立大 文  後
2295010110,北九州市立大 文 人間関係 前
2295010120,北九州市立大 文 人間関係 後
2295010210,北九州市立大 文 比較文化 前
2295010220,北九州市立大 文 比較文化 後
2295080010,北九州市立大 外国語  前
2295080020,北九州市立大 外国語  後
2295080310,北九州市立大 外国語 国際関係 前
2295080320,北九州市立大 外国語 国際関係 後
2295080410,北九州市立大 外国語 英米 前
2295080420,北九州市立大 外国語 英米 後
2295080510,北九州市立大 外国語 中国 前
2295080520,北九州市立大 外国語 中国 後
2295120010,北九州市立大 法  前
2295120020,北九州市立大 法  後
2295120110,北九州市立大 法 政策科学 前
2295120120,北九州市立大 法 政策科学 後
2295120210,北九州市立大 法 法律 前
2295120220,北九州市立大 法 法律 後
2295180010,北九州市立大 経済  前
2295180011,北九州市立大 経済  前
2295180012,北九州市立大 経済  前
2295180020,北九州市立大 経済  後
2295370010,北九州市立大 国際環境  前
2295370020,北九州市立大 国際環境  後
2295370210,北九州市立大 国際環境 機械シス工 前
2295370220,北九州市立大 国際環境 機械シス工 後
2295370310,北九州市立大 国際環境 情報シス工 前
2295370320,北九州市立大 国際環境 情報シス工 後
2295370410,北九州市立大 国際環境 建築デザイン 前
2295370420,北九州市立大 国際環境 建築デザイン 後
2295370511,北九州市立大 国際環境 環境化学工 前
2295370512,北九州市立大 国際環境 環境化学工 前
2295370520,北九州市立大 国際環境 環境化学工 後
2295370610,北九州市立大 国際環境 生命工 前
2295370620,北九州市立大 国際環境 生命工 後
2295380010,北九州市立大 地域創生  前
2295380110,北九州市立大 地域創生 地域創生学類 前
2300580010,九州歯大 歯  前
2300580110,九州歯大 歯 歯 前
2300580210,九州歯大 歯 口腔保健 前
2305270010,福岡県立大 人間社会  前
2305270020,福岡県立大 人間社会  後
2305270110,福岡県立大 人間社会 公共社会 前
2305270120,福岡県立大 人間社会 公共社会 後
2305270210,福岡県立大 人間社会 社会福祉 前
2305270220,福岡県立大 人間社会 社会福祉 後
2305270310,福岡県立大 人間社会 人間形成 前
2305270320,福岡県立大 人間社会 人間形成 後
2305640010,福岡県立大 看護  前
2305640020,福岡県立大 看護  後
2305640110,福岡県立大 看護 看護 前
2305640120,福岡県立大 看護 看護 後
2310380010,福岡女子大 国際文理  前
2310380020,福岡女子大 国際文理  後
2310380110,福岡女子大 国際文理 国際教養 前
2310380120,福岡女子大 国際文理 国際教養 後
2310380210,福岡女子大 国際文理 環境科学 前
2310380220,福岡女子大 国際文理 環境科学 後
2310380310,福岡女子大 国際文理 食・健康 前
2310380320,福岡女子大 国際文理 食・健康 後
2320190010,長崎県立大 経営  前
2320190020,長崎県立大 経営  後
2320190110,長崎県立大 経営 経営 前
2320190120,長崎県立大 経営 経営 後
2320190310,長崎県立大 経営 国際経営 前
2320190320,長崎県立大 経営 国際経営 後
2320210010,長崎県立大 地域創造  前
2320210020,長崎県立大 地域創造  後
2320210111,長崎県立大 地域創造 公共政策 前
2320210112,長崎県立大 地域創造 公共政策 前
2320210120,長崎県立大 地域創造 公共政策 後
2320210211,長崎県立大 地域創造 実践経済 前
2320210212,長崎県立大 地域創造 実践経済 前
2320210220,長崎県立大 地域創造 実践経済 後
2320270010,長崎県立大 国際社会  前
2320270020,長崎県立大 国際社会  後
2320270110,長崎県立大 国際社会 国際社会 前
2320270120,長崎県立大 国際社会 国際社会 後
2320470010,長崎県立大 情報シス  前
2320470020,長崎県立大 情報シス  後
2320470110,長崎県立大 情報シス 情報システム 前
2320470120,長崎県立大 情報シス 情報システム 後
2320470210,長崎県立大 情報シス 情報セキュリ 前
2320470220,長崎県立大 情報シス 情報セキュリ 後
2320640010,長崎県立大 看護栄養  前
2320640020,長崎県立大 看護栄養  後
2320640110,長崎県立大 看護栄養 看護 前
2320640120,長崎県立大 看護栄養 看護 後
2320640210,長崎県立大 看護栄養 栄養健康 前
2320640220,長崎県立大 看護栄養 栄養健康 後
2325010010,熊本県立大 文  前
2325010020,熊本県立大 文  後
2325010110,熊本県立大 文 グローバルス 前
2325010120,熊本県立大 文 グローバルス 後
2325010210,熊本県立大 文 日本語日本文 前
2325010220,熊本県立大 文 日本語日本文 後
2325370010,熊本県立大 総合管理  前
2325370020,熊本県立大 総合管理  後
2325370111,熊本県立大 総合管理 総合管理 前
2325370112,熊本県立大 総合管理 総合管理 前
2325370121,熊本県立大 総合管理 総合管理 後
2325370122,熊本県立大 総合管理 総合管理 後
2325800010,熊本県立大 環境共生  前
2325800020,熊本県立大 環境共生  後
2325800210,熊本県立大 環境共生 環境／居住環 前
2325800220,熊本県立大 環境共生 環境／居住環 後
2325800710,熊本県立大 環境共生 環境／環境資 前
2325800720,熊本県立大 環境共生 環境／環境資 後
2325800810,熊本県立大 環境共生 環境／食健康 前
2325800820,熊本県立大 環境共生 環境／食健康 後
2328640010,大分看護科学大 看護  前
2328640020,大分看護科学大 看護  後
2328640110,大分看護科学大 看護 看護 前
2328640120,大分看護科学大 看護 看護 後
2333640010,宮崎県立看護大 看護  前
2333640020,宮崎県立看護大 看護  後
2333640110,宮崎県立看護大 看護 看護 前
2333640120,宮崎県立看護大 看護 看護 後
2335020010,宮崎公立大 人文  前
2335020020,宮崎公立大 人文  後
2335020110,宮崎公立大 人文 国際文化 前
2335020120,宮崎公立大 人文 国際文化 後
2343640010,沖縄県立看護大 看護  前
2343640110,沖縄県立看護大 看護 看護 前
2344340010,名桜大 国際  前
2344340020,名桜大 国際  後
2344340111,名桜大 国際 国際文化 前
2344340112,名桜大 国際 国際文化 前
2344340120,名桜大 国際 国際文化 後
2344340211,名桜大 国際 国際観光産業 前
2344340212,名桜大 国際 国際観光産業 前
2344340220,名桜大 国際 国際観光産業 後
2344640010,名桜大 人間健康  前
2344640020,名桜大 人間健康  後
2344640110,名桜大 人間健康 スポーツ健康 前
2344640120,名桜大 人間健康 スポーツ健康 後
2344640210,名桜大 人間健康 看護 前
2344640311,名桜大 人間健康 健康情報 前
2344640312,名桜大 人間健康 健康情報 前
2344640320,名桜大 人間健康 健康情報 後
2345830010,沖縄県立芸大 美術工芸  前
2345830020,沖縄県立芸大 美術工芸  後
2345830110,沖縄県立芸大 美術工芸 デザ／工芸 前
2345830210,沖縄県立芸大 美術工芸 デザ／デザイ 前
2345830310,沖縄県立芸大 美術工芸 美術／絵画 前
2345830320,沖縄県立芸大 美術工芸 美術／絵画 後
2345830410,沖縄県立芸大 美術工芸 美術／彫刻 前
2345830510,沖縄県立芸大 美術工芸 美術／芸術学 前
2345840010,沖縄県立芸大 音楽  前
2345840410,沖縄県立芸大 音楽 音楽／琉球芸 前
2345840710,沖縄県立芸大 音楽 音楽／音楽表 前
2345840810,沖縄県立芸大 音楽 音楽／音楽文 前
